[2026-07-28T18:09:41Z INFO  station] App Start ID: 1785262181
[2026-07-28T18:09:41Z INFO  station] Loaded configuration from: "/home/matteo-manicardi/MATDOG/runtime/station/station_m12_pilot_deadband2.yaml"
[2026-07-28T18:09:41Z INFO  normfs_wal] WalStore: initializing at path: "/home/matteo-manicardi/MATDOG/_archive/verification-artifacts/MATDOG_LF_UPPER_M12_MAX_OFFLINE_VALIDATION_V11_20260728T192317/hardware_distance_timeout_v14_20260728T200941/station_data"
[2026-07-28T18:09:41Z INFO  normfs-store] Starting recovery: cleaning up temp folder
[2026-07-28T18:09:41Z INFO  normfs-store] Recovery completed: no temp files found
[2026-07-28T18:09:41Z INFO  normfs-store] All 4 writer workers started successfully
[2026-07-28T18:09:41Z INFO  normfs] S3 downloader disabled
[2026-07-28T18:09:41Z INFO  normfs] NormFS initialized successfully (disk_monitor: enabled, s3: disabled)
[2026-07-28T18:09:41Z INFO  station] Instance ID: def2a37d42cc339debe54af4dcbf5406350216adb8fbd9e0f2c5b736d8ef1681
[2026-07-28T18:09:41Z INFO  normfs] Auto-starting queue '/def2a37d42cc339debe54af4dcbf5406350216adb8fbd9e0f2c5b736d8ef1681/main' in write mode for write request
[2026-07-28T18:09:41Z INFO  normfs] ========================================
[2026-07-28T18:09:41Z INFO  normfs] Starting queue: '/def2a37d42cc339debe54af4dcbf5406350216adb8fbd9e0f2c5b736d8ef1681/main' (readonly=false)
[2026-07-28T18:09:41Z INFO  normfs] ========================================
[2026-07-28T18:09:41Z INFO  normfs] Continuing queue: '/def2a37d42cc339debe54af4dcbf5406350216adb8fbd9e0f2c5b736d8ef1681/main'
[2026-07-28T18:09:41Z INFO  normfs] Queue '/def2a37d42cc339debe54af4dcbf5406350216adb8fbd9e0f2c5b736d8ef1681/main' - WAL has no files or error: PathError(NoFilesFound)
[2026-07-28T18:09:41Z INFO  normfs] Queue '/def2a37d42cc339debe54af4dcbf5406350216adb8fbd9e0f2c5b736d8ef1681/main' - Store has no files or error: Path(NoFilesFound)
[2026-07-28T18:09:41Z INFO  normfs] Queue '/def2a37d42cc339debe54af4dcbf5406350216adb8fbd9e0f2c5b736d8ef1681/main' - Latest file IDs summary: WAL=None, Store=None
[2026-07-28T18:09:41Z INFO  normfs] Queue '/def2a37d42cc339debe54af4dcbf5406350216adb8fbd9e0f2c5b736d8ef1681/main' - Maximum file ID across WAL and Store: None
[2026-07-28T18:09:41Z INFO  normfs] Queue '/def2a37d42cc339debe54af4dcbf5406350216adb8fbd9e0f2c5b736d8ef1681/main' - No files found, starting fresh
[2026-07-28T18:09:41Z INFO  normfs] ----------------------------------------
[2026-07-28T18:09:41Z INFO  normfs] Queue '/def2a37d42cc339debe54af4dcbf5406350216adb8fbd9e0f2c5b736d8ef1681/main' - Recovery complete:
[2026-07-28T18:09:41Z INFO  normfs]   - Will write to file ID: 1
[2026-07-28T18:09:41Z INFO  normfs]   - Last entry ID in queue: None
[2026-07-28T18:09:41Z INFO  normfs]   - Header entries_before: 0
[2026-07-28T18:09:41Z INFO  normfs]   - Next entry will have ID: 0
[2026-07-28T18:09:41Z INFO  normfs] ----------------------------------------
[2026-07-28T18:09:41Z INFO  normfs_wal] WalStore: starting writer for queue '/def2a37d42cc339debe54af4dcbf5406350216adb8fbd9e0f2c5b736d8ef1681/main', file: 1, last_entry_id: None, data size = 8 bytes, id size = 4 bytes
[2026-07-28T18:09:41Z INFO  normfs_wal::writer] WAL writer: creating new writer for queue '/def2a37d42cc339debe54af4dcbf5406350216adb8fbd9e0f2c5b736d8ef1681/main', file: 1, last_entry_id: None
[2026-07-28T18:09:41Z INFO  normfs::disk_monitor] Queue '/def2a37d42cc339debe54af4dcbf5406350216adb8fbd9e0f2c5b736d8ef1681/main' size 0 is within limit 2147483648
[2026-07-28T18:09:41Z INFO  normfs::disk_monitor] Added disk monitoring for queue '/def2a37d42cc339debe54af4dcbf5406350216adb8fbd9e0f2c5b736d8ef1681/main' with max_size: 2147483648 (S3 offloading: disabled)
[2026-07-28T18:09:41Z INFO  normfs_wal] WalStore: processing old files for queue '/def2a37d42cc339debe54af4dcbf5406350216adb8fbd9e0f2c5b736d8ef1681/main', current file: 1 (not included)
[2026-07-28T18:09:41Z INFO  normfs] Added queue '/def2a37d42cc339debe54af4dcbf5406350216adb8fbd9e0f2c5b736d8ef1681/main' to disk monitor with max_size: 2147483648
[2026-07-28T18:09:41Z INFO  normfs] Queue '/def2a37d42cc339debe54af4dcbf5406350216adb8fbd9e0f2c5b736d8ef1681/main' started successfully, last_entry_id: None
[2026-07-28T18:09:41Z INFO  station] Main queue started
[2026-07-28T18:09:41Z INFO  normfs] Auto-starting queue '/def2a37d42cc339debe54af4dcbf5406350216adb8fbd9e0f2c5b736d8ef1681/inference-states' in write mode for write request
[2026-07-28T18:09:41Z INFO  normfs] ========================================
[2026-07-28T18:09:41Z INFO  normfs] Starting queue: '/def2a37d42cc339debe54af4dcbf5406350216adb8fbd9e0f2c5b736d8ef1681/inference-states' (readonly=false)
[2026-07-28T18:09:41Z INFO  normfs] ========================================
[2026-07-28T18:09:41Z INFO  normfs] Continuing queue: '/def2a37d42cc339debe54af4dcbf5406350216adb8fbd9e0f2c5b736d8ef1681/inference-states'
[2026-07-28T18:09:41Z INFO  normfs_wal] WalStore: processed 0 old files for queue '/def2a37d42cc339debe54af4dcbf5406350216adb8fbd9e0f2c5b736d8ef1681/main'
[2026-07-28T18:09:41Z INFO  normfs] Queue '/def2a37d42cc339debe54af4dcbf5406350216adb8fbd9e0f2c5b736d8ef1681/inference-states' - WAL has no files or error: PathError(NoFilesFound)
[2026-07-28T18:09:41Z INFO  normfs] Queue '/def2a37d42cc339debe54af4dcbf5406350216adb8fbd9e0f2c5b736d8ef1681/inference-states' - Store has no files or error: Path(NoFilesFound)
[2026-07-28T18:09:41Z INFO  normfs] Queue '/def2a37d42cc339debe54af4dcbf5406350216adb8fbd9e0f2c5b736d8ef1681/inference-states' - Latest file IDs summary: WAL=None, Store=None
[2026-07-28T18:09:41Z INFO  normfs] Queue '/def2a37d42cc339debe54af4dcbf5406350216adb8fbd9e0f2c5b736d8ef1681/inference-states' - Maximum file ID across WAL and Store: None
[2026-07-28T18:09:41Z INFO  normfs] Queue '/def2a37d42cc339debe54af4dcbf5406350216adb8fbd9e0f2c5b736d8ef1681/inference-states' - No files found, starting fresh
[2026-07-28T18:09:41Z INFO  normfs] ----------------------------------------
[2026-07-28T18:09:41Z INFO  normfs] Queue '/def2a37d42cc339debe54af4dcbf5406350216adb8fbd9e0f2c5b736d8ef1681/inference-states' - Recovery complete:
[2026-07-28T18:09:41Z INFO  normfs]   - Will write to file ID: 1
[2026-07-28T18:09:41Z INFO  normfs]   - Last entry ID in queue: None
[2026-07-28T18:09:41Z INFO  normfs]   - Header entries_before: 0
[2026-07-28T18:09:41Z INFO  normfs]   - Next entry will have ID: 0
[2026-07-28T18:09:41Z INFO  normfs] ----------------------------------------
[2026-07-28T18:09:41Z INFO  normfs_wal] WalStore: starting writer for queue '/def2a37d42cc339debe54af4dcbf5406350216adb8fbd9e0f2c5b736d8ef1681/inference-states', file: 1, last_entry_id: None, data size = 8 bytes, id size = 4 bytes
[2026-07-28T18:09:41Z INFO  normfs_wal::writer] WAL writer: creating new writer for queue '/def2a37d42cc339debe54af4dcbf5406350216adb8fbd9e0f2c5b736d8ef1681/inference-states', file: 1, last_entry_id: None
[2026-07-28T18:09:41Z INFO  normfs::disk_monitor] Queue '/def2a37d42cc339debe54af4dcbf5406350216adb8fbd9e0f2c5b736d8ef1681/main' size 0 is within limit 2147483648
[2026-07-28T18:09:41Z INFO  normfs::disk_monitor] Queue '/def2a37d42cc339debe54af4dcbf5406350216adb8fbd9e0f2c5b736d8ef1681/inference-states' size 0 is within limit 2147483648
[2026-07-28T18:09:41Z INFO  normfs::disk_monitor] Added disk monitoring for queue '/def2a37d42cc339debe54af4dcbf5406350216adb8fbd9e0f2c5b736d8ef1681/inference-states' with max_size: 2147483648 (S3 offloading: disabled)
[2026-07-28T18:09:41Z INFO  normfs] Added queue '/def2a37d42cc339debe54af4dcbf5406350216adb8fbd9e0f2c5b736d8ef1681/inference-states' to disk monitor with max_size: 2147483648
[2026-07-28T18:09:41Z INFO  normfs_wal] WalStore: processing old files for queue '/def2a37d42cc339debe54af4dcbf5406350216adb8fbd9e0f2c5b736d8ef1681/inference-states', current file: 1 (not included)
[2026-07-28T18:09:41Z INFO  normfs] Queue '/def2a37d42cc339debe54af4dcbf5406350216adb8fbd9e0f2c5b736d8ef1681/inference-states' started successfully, last_entry_id: None
[2026-07-28T18:09:41Z INFO  normfs] Auto-starting queue '/def2a37d42cc339debe54af4dcbf5406350216adb8fbd9e0f2c5b736d8ef1681/startups' in write mode for write request
[2026-07-28T18:09:41Z INFO  normfs] ========================================
[2026-07-28T18:09:41Z INFO  normfs] Starting queue: '/def2a37d42cc339debe54af4dcbf5406350216adb8fbd9e0f2c5b736d8ef1681/startups' (readonly=false)
[2026-07-28T18:09:41Z INFO  normfs] ========================================
[2026-07-28T18:09:41Z INFO  normfs] Continuing queue: '/def2a37d42cc339debe54af4dcbf5406350216adb8fbd9e0f2c5b736d8ef1681/startups'
[2026-07-28T18:09:41Z INFO  normfs_wal] WalStore: processed 0 old files for queue '/def2a37d42cc339debe54af4dcbf5406350216adb8fbd9e0f2c5b736d8ef1681/inference-states'
[2026-07-28T18:09:41Z INFO  normfs] Queue '/def2a37d42cc339debe54af4dcbf5406350216adb8fbd9e0f2c5b736d8ef1681/startups' - WAL has no files or error: PathError(NoFilesFound)
[2026-07-28T18:09:41Z INFO  normfs] Queue '/def2a37d42cc339debe54af4dcbf5406350216adb8fbd9e0f2c5b736d8ef1681/startups' - Store has no files or error: Path(NoFilesFound)
[2026-07-28T18:09:41Z INFO  normfs] Queue '/def2a37d42cc339debe54af4dcbf5406350216adb8fbd9e0f2c5b736d8ef1681/startups' - Latest file IDs summary: WAL=None, Store=None
[2026-07-28T18:09:41Z INFO  normfs] Queue '/def2a37d42cc339debe54af4dcbf5406350216adb8fbd9e0f2c5b736d8ef1681/startups' - Maximum file ID across WAL and Store: None
[2026-07-28T18:09:41Z INFO  normfs] Queue '/def2a37d42cc339debe54af4dcbf5406350216adb8fbd9e0f2c5b736d8ef1681/startups' - No files found, starting fresh
[2026-07-28T18:09:41Z INFO  normfs] ----------------------------------------
[2026-07-28T18:09:41Z INFO  normfs] Queue '/def2a37d42cc339debe54af4dcbf5406350216adb8fbd9e0f2c5b736d8ef1681/startups' - Recovery complete:
[2026-07-28T18:09:41Z INFO  normfs]   - Will write to file ID: 1
[2026-07-28T18:09:41Z INFO  normfs]   - Last entry ID in queue: None
[2026-07-28T18:09:41Z INFO  normfs]   - Header entries_before: 0
[2026-07-28T18:09:41Z INFO  normfs]   - Next entry will have ID: 0
[2026-07-28T18:09:41Z INFO  normfs] ----------------------------------------
[2026-07-28T18:09:41Z INFO  normfs_wal] WalStore: starting writer for queue '/def2a37d42cc339debe54af4dcbf5406350216adb8fbd9e0f2c5b736d8ef1681/startups', file: 1, last_entry_id: None, data size = 8 bytes, id size = 4 bytes
[2026-07-28T18:09:41Z INFO  normfs_wal::writer] WAL writer: creating new writer for queue '/def2a37d42cc339debe54af4dcbf5406350216adb8fbd9e0f2c5b736d8ef1681/startups', file: 1, last_entry_id: None
[2026-07-28T18:09:41Z INFO  normfs::disk_monitor] Queue '/def2a37d42cc339debe54af4dcbf5406350216adb8fbd9e0f2c5b736d8ef1681/startups' size 0 is within limit 2147483648
[2026-07-28T18:09:41Z INFO  normfs::disk_monitor] Added disk monitoring for queue '/def2a37d42cc339debe54af4dcbf5406350216adb8fbd9e0f2c5b736d8ef1681/startups' with max_size: 2147483648 (S3 offloading: disabled)
[2026-07-28T18:09:41Z INFO  normfs] Added queue '/def2a37d42cc339debe54af4dcbf5406350216adb8fbd9e0f2c5b736d8ef1681/startups' to disk monitor with max_size: 2147483648
[2026-07-28T18:09:41Z INFO  normfs] Queue '/def2a37d42cc339debe54af4dcbf5406350216adb8fbd9e0f2c5b736d8ef1681/startups' started successfully, last_entry_id: None
[2026-07-28T18:09:41Z INFO  station] Inference queue started
[2026-07-28T18:09:41Z INFO  normfs_wal] WalStore: processing old files for queue '/def2a37d42cc339debe54af4dcbf5406350216adb8fbd9e0f2c5b736d8ef1681/startups', current file: 1 (not included)
[2026-07-28T18:09:41Z INFO  normfs] Auto-starting queue '/def2a37d42cc339debe54af4dcbf5406350216adb8fbd9e0f2c5b736d8ef1681/commands' in write mode for write request
[2026-07-28T18:09:41Z INFO  normfs] ========================================
[2026-07-28T18:09:41Z INFO  normfs] Starting queue: '/def2a37d42cc339debe54af4dcbf5406350216adb8fbd9e0f2c5b736d8ef1681/commands' (readonly=false)
[2026-07-28T18:09:41Z INFO  normfs] ========================================
[2026-07-28T18:09:41Z INFO  normfs] Continuing queue: '/def2a37d42cc339debe54af4dcbf5406350216adb8fbd9e0f2c5b736d8ef1681/commands'
[2026-07-28T18:09:41Z INFO  normfs_wal] WalStore: processed 0 old files for queue '/def2a37d42cc339debe54af4dcbf5406350216adb8fbd9e0f2c5b736d8ef1681/startups'
[2026-07-28T18:09:41Z INFO  normfs] Queue '/def2a37d42cc339debe54af4dcbf5406350216adb8fbd9e0f2c5b736d8ef1681/commands' - WAL has no files or error: PathError(NoFilesFound)
[2026-07-28T18:09:41Z INFO  normfs] Queue '/def2a37d42cc339debe54af4dcbf5406350216adb8fbd9e0f2c5b736d8ef1681/commands' - Store has no files or error: Path(NoFilesFound)
[2026-07-28T18:09:41Z INFO  normfs] Queue '/def2a37d42cc339debe54af4dcbf5406350216adb8fbd9e0f2c5b736d8ef1681/commands' - Latest file IDs summary: WAL=None, Store=None
[2026-07-28T18:09:41Z INFO  normfs] Queue '/def2a37d42cc339debe54af4dcbf5406350216adb8fbd9e0f2c5b736d8ef1681/commands' - Maximum file ID across WAL and Store: None
[2026-07-28T18:09:41Z INFO  normfs] Queue '/def2a37d42cc339debe54af4dcbf5406350216adb8fbd9e0f2c5b736d8ef1681/commands' - No files found, starting fresh
[2026-07-28T18:09:41Z INFO  normfs] ----------------------------------------
[2026-07-28T18:09:41Z INFO  normfs] Queue '/def2a37d42cc339debe54af4dcbf5406350216adb8fbd9e0f2c5b736d8ef1681/commands' - Recovery complete:
[2026-07-28T18:09:41Z INFO  normfs]   - Will write to file ID: 1
[2026-07-28T18:09:41Z INFO  normfs]   - Last entry ID in queue: None
[2026-07-28T18:09:41Z INFO  normfs]   - Header entries_before: 0
[2026-07-28T18:09:41Z INFO  normfs]   - Next entry will have ID: 0
[2026-07-28T18:09:41Z INFO  normfs] ----------------------------------------
[2026-07-28T18:09:41Z INFO  normfs_wal] WalStore: starting writer for queue '/def2a37d42cc339debe54af4dcbf5406350216adb8fbd9e0f2c5b736d8ef1681/commands', file: 1, last_entry_id: None, data size = 8 bytes, id size = 4 bytes
[2026-07-28T18:09:41Z INFO  normfs_wal::writer] WAL writer: creating new writer for queue '/def2a37d42cc339debe54af4dcbf5406350216adb8fbd9e0f2c5b736d8ef1681/commands', file: 1, last_entry_id: None
[2026-07-28T18:09:41Z INFO  normfs::disk_monitor] Queue '/def2a37d42cc339debe54af4dcbf5406350216adb8fbd9e0f2c5b736d8ef1681/commands' size 0 is within limit 2147483648
[2026-07-28T18:09:41Z INFO  normfs_wal] WalStore: processing old files for queue '/def2a37d42cc339debe54af4dcbf5406350216adb8fbd9e0f2c5b736d8ef1681/commands', current file: 1 (not included)
[2026-07-28T18:09:41Z INFO  normfs::disk_monitor] Added disk monitoring for queue '/def2a37d42cc339debe54af4dcbf5406350216adb8fbd9e0f2c5b736d8ef1681/commands' with max_size: 2147483648 (S3 offloading: disabled)
[2026-07-28T18:09:41Z INFO  normfs] Added queue '/def2a37d42cc339debe54af4dcbf5406350216adb8fbd9e0f2c5b736d8ef1681/commands' to disk monitor with max_size: 2147483648
[2026-07-28T18:09:41Z INFO  normfs] Queue '/def2a37d42cc339debe54af4dcbf5406350216adb8fbd9e0f2c5b736d8ef1681/commands' started successfully, last_entry_id: None
[2026-07-28T18:09:41Z INFO  normfs] Auto-starting queue '/def2a37d42cc339debe54af4dcbf5406350216adb8fbd9e0f2c5b736d8ef1681/inference-tags/rx' in write mode for write request
[2026-07-28T18:09:41Z INFO  normfs] ========================================
[2026-07-28T18:09:41Z INFO  normfs] Starting queue: '/def2a37d42cc339debe54af4dcbf5406350216adb8fbd9e0f2c5b736d8ef1681/inference-tags/rx' (readonly=false)
[2026-07-28T18:09:41Z INFO  normfs] ========================================
[2026-07-28T18:09:41Z INFO  normfs] Continuing queue: '/def2a37d42cc339debe54af4dcbf5406350216adb8fbd9e0f2c5b736d8ef1681/inference-tags/rx'
[2026-07-28T18:09:41Z INFO  normfs_wal] WalStore: processed 0 old files for queue '/def2a37d42cc339debe54af4dcbf5406350216adb8fbd9e0f2c5b736d8ef1681/commands'
[2026-07-28T18:09:41Z INFO  normfs] Queue '/def2a37d42cc339debe54af4dcbf5406350216adb8fbd9e0f2c5b736d8ef1681/inference-tags/rx' - WAL has no files or error: PathError(NoFilesFound)
[2026-07-28T18:09:41Z INFO  normfs] Queue '/def2a37d42cc339debe54af4dcbf5406350216adb8fbd9e0f2c5b736d8ef1681/inference-tags/rx' - Store has no files or error: Path(NoFilesFound)
[2026-07-28T18:09:41Z INFO  normfs] Queue '/def2a37d42cc339debe54af4dcbf5406350216adb8fbd9e0f2c5b736d8ef1681/inference-tags/rx' - Latest file IDs summary: WAL=None, Store=None
[2026-07-28T18:09:41Z INFO  normfs] Queue '/def2a37d42cc339debe54af4dcbf5406350216adb8fbd9e0f2c5b736d8ef1681/inference-tags/rx' - Maximum file ID across WAL and Store: None
[2026-07-28T18:09:41Z INFO  normfs] Queue '/def2a37d42cc339debe54af4dcbf5406350216adb8fbd9e0f2c5b736d8ef1681/inference-tags/rx' - No files found, starting fresh
[2026-07-28T18:09:41Z INFO  normfs] ----------------------------------------
[2026-07-28T18:09:41Z INFO  normfs] Queue '/def2a37d42cc339debe54af4dcbf5406350216adb8fbd9e0f2c5b736d8ef1681/inference-tags/rx' - Recovery complete:
[2026-07-28T18:09:41Z INFO  normfs]   - Will write to file ID: 1
[2026-07-28T18:09:41Z INFO  normfs]   - Last entry ID in queue: None
[2026-07-28T18:09:41Z INFO  normfs]   - Header entries_before: 0
[2026-07-28T18:09:41Z INFO  normfs]   - Next entry will have ID: 0
[2026-07-28T18:09:41Z INFO  normfs] ----------------------------------------
[2026-07-28T18:09:41Z INFO  normfs_wal] WalStore: starting writer for queue '/def2a37d42cc339debe54af4dcbf5406350216adb8fbd9e0f2c5b736d8ef1681/inference-tags/rx', file: 1, last_entry_id: None, data size = 8 bytes, id size = 4 bytes
[2026-07-28T18:09:41Z INFO  normfs_wal::writer] WAL writer: creating new writer for queue '/def2a37d42cc339debe54af4dcbf5406350216adb8fbd9e0f2c5b736d8ef1681/inference-tags/rx', file: 1, last_entry_id: None
[2026-07-28T18:09:41Z INFO  normfs::disk_monitor] Queue '/def2a37d42cc339debe54af4dcbf5406350216adb8fbd9e0f2c5b736d8ef1681/inference-tags/rx' size 0 is within limit 2147483648
[2026-07-28T18:09:41Z INFO  normfs_wal] WalStore: processing old files for queue '/def2a37d42cc339debe54af4dcbf5406350216adb8fbd9e0f2c5b736d8ef1681/inference-tags/rx', current file: 1 (not included)
[2026-07-28T18:09:41Z INFO  normfs::disk_monitor] Added disk monitoring for queue '/def2a37d42cc339debe54af4dcbf5406350216adb8fbd9e0f2c5b736d8ef1681/inference-tags/rx' with max_size: 2147483648 (S3 offloading: disabled)
[2026-07-28T18:09:41Z INFO  normfs] Added queue '/def2a37d42cc339debe54af4dcbf5406350216adb8fbd9e0f2c5b736d8ef1681/inference-tags/rx' to disk monitor with max_size: 2147483648
[2026-07-28T18:09:41Z INFO  normfs] Queue '/def2a37d42cc339debe54af4dcbf5406350216adb8fbd9e0f2c5b736d8ef1681/inference-tags/rx' started successfully, last_entry_id: None
[2026-07-28T18:09:41Z INFO  normfs_wal] WalStore: processed 0 old files for queue '/def2a37d42cc339debe54af4dcbf5406350216adb8fbd9e0f2c5b736d8ef1681/inference-tags/rx'
[2026-07-28T18:09:41Z INFO  normfs] Auto-starting queue '/def2a37d42cc339debe54af4dcbf5406350216adb8fbd9e0f2c5b736d8ef1681/system/rx' in write mode for write request
[2026-07-28T18:09:41Z INFO  normfs] ========================================
[2026-07-28T18:09:41Z INFO  normfs] Starting queue: '/def2a37d42cc339debe54af4dcbf5406350216adb8fbd9e0f2c5b736d8ef1681/system/rx' (readonly=false)
[2026-07-28T18:09:41Z INFO  normfs] ========================================
[2026-07-28T18:09:41Z INFO  normfs] Continuing queue: '/def2a37d42cc339debe54af4dcbf5406350216adb8fbd9e0f2c5b736d8ef1681/system/rx'
[2026-07-28T18:09:41Z INFO  normfs] Queue '/def2a37d42cc339debe54af4dcbf5406350216adb8fbd9e0f2c5b736d8ef1681/system/rx' - WAL has no files or error: PathError(NoFilesFound)
[2026-07-28T18:09:41Z INFO  normfs] Queue '/def2a37d42cc339debe54af4dcbf5406350216adb8fbd9e0f2c5b736d8ef1681/system/rx' - Store has no files or error: Path(NoFilesFound)
[2026-07-28T18:09:41Z INFO  normfs] Queue '/def2a37d42cc339debe54af4dcbf5406350216adb8fbd9e0f2c5b736d8ef1681/system/rx' - Latest file IDs summary: WAL=None, Store=None
[2026-07-28T18:09:41Z INFO  normfs] Queue '/def2a37d42cc339debe54af4dcbf5406350216adb8fbd9e0f2c5b736d8ef1681/system/rx' - Maximum file ID across WAL and Store: None
[2026-07-28T18:09:41Z INFO  normfs] Queue '/def2a37d42cc339debe54af4dcbf5406350216adb8fbd9e0f2c5b736d8ef1681/system/rx' - No files found, starting fresh
[2026-07-28T18:09:41Z INFO  normfs] ----------------------------------------
[2026-07-28T18:09:41Z INFO  normfs] Queue '/def2a37d42cc339debe54af4dcbf5406350216adb8fbd9e0f2c5b736d8ef1681/system/rx' - Recovery complete:
[2026-07-28T18:09:41Z INFO  normfs]   - Will write to file ID: 1
[2026-07-28T18:09:41Z INFO  normfs]   - Last entry ID in queue: None
[2026-07-28T18:09:41Z INFO  normfs]   - Header entries_before: 0
[2026-07-28T18:09:41Z INFO  normfs]   - Next entry will have ID: 0
[2026-07-28T18:09:41Z INFO  normfs] ----------------------------------------
[2026-07-28T18:09:41Z INFO  normfs_wal] WalStore: starting writer for queue '/def2a37d42cc339debe54af4dcbf5406350216adb8fbd9e0f2c5b736d8ef1681/system/rx', file: 1, last_entry_id: None, data size = 8 bytes, id size = 4 bytes
[2026-07-28T18:09:41Z INFO  normfs_wal::writer] WAL writer: creating new writer for queue '/def2a37d42cc339debe54af4dcbf5406350216adb8fbd9e0f2c5b736d8ef1681/system/rx', file: 1, last_entry_id: None
[2026-07-28T18:09:41Z INFO  normfs::disk_monitor] Queue '/def2a37d42cc339debe54af4dcbf5406350216adb8fbd9e0f2c5b736d8ef1681/system/rx' size 0 is within limit 2147483648
[2026-07-28T18:09:41Z INFO  normfs::disk_monitor] Added disk monitoring for queue '/def2a37d42cc339debe54af4dcbf5406350216adb8fbd9e0f2c5b736d8ef1681/system/rx' with max_size: 2147483648 (S3 offloading: disabled)
[2026-07-28T18:09:41Z INFO  normfs] Added queue '/def2a37d42cc339debe54af4dcbf5406350216adb8fbd9e0f2c5b736d8ef1681/system/rx' to disk monitor with max_size: 2147483648
[2026-07-28T18:09:41Z INFO  normfs_wal] WalStore: processing old files for queue '/def2a37d42cc339debe54af4dcbf5406350216adb8fbd9e0f2c5b736d8ef1681/system/rx', current file: 1 (not included)
[2026-07-28T18:09:41Z INFO  normfs] Queue '/def2a37d42cc339debe54af4dcbf5406350216adb8fbd9e0f2c5b736d8ef1681/system/rx' started successfully, last_entry_id: None
[2026-07-28T18:09:41Z INFO  station::inference] Inference: registering queue '/def2a37d42cc339debe54af4dcbf5406350216adb8fbd9e0f2c5b736d8ef1681/system/rx' with type 0
[2026-07-28T18:09:41Z INFO  station::inference] Inference: subscribed to queue '/def2a37d42cc339debe54af4dcbf5406350216adb8fbd9e0f2c5b736d8ef1681/system/rx' with subscriber_id 0
[2026-07-28T18:09:41Z INFO  normfs_wal] WalStore: processed 0 old files for queue '/def2a37d42cc339debe54af4dcbf5406350216adb8fbd9e0f2c5b736d8ef1681/system/rx'
[2026-07-28T18:09:41Z INFO  normfs] Auto-starting queue '/def2a37d42cc339debe54af4dcbf5406350216adb8fbd9e0f2c5b736d8ef1681/st3215/rx' in write mode for write request
[2026-07-28T18:09:41Z INFO  normfs] ========================================
[2026-07-28T18:09:41Z INFO  normfs] Starting queue: '/def2a37d42cc339debe54af4dcbf5406350216adb8fbd9e0f2c5b736d8ef1681/st3215/rx' (readonly=false)
[2026-07-28T18:09:41Z INFO  normfs] ========================================
[2026-07-28T18:09:41Z INFO  normfs] Continuing queue: '/def2a37d42cc339debe54af4dcbf5406350216adb8fbd9e0f2c5b736d8ef1681/st3215/rx'
[2026-07-28T18:09:41Z INFO  normfs] Queue '/def2a37d42cc339debe54af4dcbf5406350216adb8fbd9e0f2c5b736d8ef1681/st3215/rx' - WAL has no files or error: PathError(NoFilesFound)
[2026-07-28T18:09:41Z INFO  normfs] Queue '/def2a37d42cc339debe54af4dcbf5406350216adb8fbd9e0f2c5b736d8ef1681/st3215/rx' - Store has no files or error: Path(NoFilesFound)
[2026-07-28T18:09:41Z INFO  normfs] Queue '/def2a37d42cc339debe54af4dcbf5406350216adb8fbd9e0f2c5b736d8ef1681/st3215/rx' - Latest file IDs summary: WAL=None, Store=None
[2026-07-28T18:09:41Z INFO  normfs] Queue '/def2a37d42cc339debe54af4dcbf5406350216adb8fbd9e0f2c5b736d8ef1681/st3215/rx' - Maximum file ID across WAL and Store: None
[2026-07-28T18:09:41Z INFO  normfs] Queue '/def2a37d42cc339debe54af4dcbf5406350216adb8fbd9e0f2c5b736d8ef1681/st3215/rx' - No files found, starting fresh
[2026-07-28T18:09:41Z INFO  normfs] ----------------------------------------
[2026-07-28T18:09:41Z INFO  normfs] Queue '/def2a37d42cc339debe54af4dcbf5406350216adb8fbd9e0f2c5b736d8ef1681/st3215/rx' - Recovery complete:
[2026-07-28T18:09:41Z INFO  normfs]   - Will write to file ID: 1
[2026-07-28T18:09:41Z INFO  normfs]   - Last entry ID in queue: None
[2026-07-28T18:09:41Z INFO  normfs]   - Header entries_before: 0
[2026-07-28T18:09:41Z INFO  normfs]   - Next entry will have ID: 0
[2026-07-28T18:09:41Z INFO  normfs] ----------------------------------------
[2026-07-28T18:09:41Z INFO  normfs_wal] WalStore: starting writer for queue '/def2a37d42cc339debe54af4dcbf5406350216adb8fbd9e0f2c5b736d8ef1681/st3215/rx', file: 1, last_entry_id: None, data size = 8 bytes, id size = 4 bytes
[2026-07-28T18:09:41Z INFO  normfs_wal::writer] WAL writer: creating new writer for queue '/def2a37d42cc339debe54af4dcbf5406350216adb8fbd9e0f2c5b736d8ef1681/st3215/rx', file: 1, last_entry_id: None
[2026-07-28T18:09:41Z INFO  normfs::disk_monitor] Queue '/def2a37d42cc339debe54af4dcbf5406350216adb8fbd9e0f2c5b736d8ef1681/st3215/rx' size 0 is within limit 2147483648
[2026-07-28T18:09:41Z INFO  normfs::disk_monitor] Added disk monitoring for queue '/def2a37d42cc339debe54af4dcbf5406350216adb8fbd9e0f2c5b736d8ef1681/st3215/rx' with max_size: 2147483648 (S3 offloading: disabled)
[2026-07-28T18:09:41Z INFO  normfs] Added queue '/def2a37d42cc339debe54af4dcbf5406350216adb8fbd9e0f2c5b736d8ef1681/st3215/rx' to disk monitor with max_size: 2147483648
[2026-07-28T18:09:41Z INFO  normfs] Queue '/def2a37d42cc339debe54af4dcbf5406350216adb8fbd9e0f2c5b736d8ef1681/st3215/rx' started successfully, last_entry_id: None
[2026-07-28T18:09:41Z INFO  normfs] Auto-starting queue '/def2a37d42cc339debe54af4dcbf5406350216adb8fbd9e0f2c5b736d8ef1681/st3215/tx' in write mode for write request
[2026-07-28T18:09:41Z INFO  normfs] ========================================
[2026-07-28T18:09:41Z INFO  normfs_wal] WalStore: processing old files for queue '/def2a37d42cc339debe54af4dcbf5406350216adb8fbd9e0f2c5b736d8ef1681/st3215/rx', current file: 1 (not included)
[2026-07-28T18:09:41Z INFO  normfs] Starting queue: '/def2a37d42cc339debe54af4dcbf5406350216adb8fbd9e0f2c5b736d8ef1681/st3215/tx' (readonly=false)
[2026-07-28T18:09:41Z INFO  normfs] ========================================
[2026-07-28T18:09:41Z INFO  normfs] Continuing queue: '/def2a37d42cc339debe54af4dcbf5406350216adb8fbd9e0f2c5b736d8ef1681/st3215/tx'
[2026-07-28T18:09:41Z INFO  normfs_wal] WalStore: processed 0 old files for queue '/def2a37d42cc339debe54af4dcbf5406350216adb8fbd9e0f2c5b736d8ef1681/st3215/rx'
[2026-07-28T18:09:41Z INFO  normfs] Queue '/def2a37d42cc339debe54af4dcbf5406350216adb8fbd9e0f2c5b736d8ef1681/st3215/tx' - WAL has no files or error: PathError(NoFilesFound)
[2026-07-28T18:09:41Z INFO  normfs] Queue '/def2a37d42cc339debe54af4dcbf5406350216adb8fbd9e0f2c5b736d8ef1681/st3215/tx' - Store has no files or error: Path(NoFilesFound)
[2026-07-28T18:09:41Z INFO  normfs] Queue '/def2a37d42cc339debe54af4dcbf5406350216adb8fbd9e0f2c5b736d8ef1681/st3215/tx' - Latest file IDs summary: WAL=None, Store=None
[2026-07-28T18:09:41Z INFO  normfs] Queue '/def2a37d42cc339debe54af4dcbf5406350216adb8fbd9e0f2c5b736d8ef1681/st3215/tx' - Maximum file ID across WAL and Store: None
[2026-07-28T18:09:41Z INFO  normfs] Queue '/def2a37d42cc339debe54af4dcbf5406350216adb8fbd9e0f2c5b736d8ef1681/st3215/tx' - No files found, starting fresh
[2026-07-28T18:09:41Z INFO  normfs] ----------------------------------------
[2026-07-28T18:09:41Z INFO  normfs] Queue '/def2a37d42cc339debe54af4dcbf5406350216adb8fbd9e0f2c5b736d8ef1681/st3215/tx' - Recovery complete:
[2026-07-28T18:09:41Z INFO  normfs]   - Will write to file ID: 1
[2026-07-28T18:09:41Z INFO  normfs]   - Last entry ID in queue: None
[2026-07-28T18:09:41Z INFO  normfs]   - Header entries_before: 0
[2026-07-28T18:09:41Z INFO  normfs]   - Next entry will have ID: 0
[2026-07-28T18:09:41Z INFO  normfs] ----------------------------------------
[2026-07-28T18:09:41Z INFO  normfs_wal] WalStore: starting writer for queue '/def2a37d42cc339debe54af4dcbf5406350216adb8fbd9e0f2c5b736d8ef1681/st3215/tx', file: 1, last_entry_id: None, data size = 8 bytes, id size = 4 bytes
[2026-07-28T18:09:41Z INFO  normfs_wal::writer] WAL writer: creating new writer for queue '/def2a37d42cc339debe54af4dcbf5406350216adb8fbd9e0f2c5b736d8ef1681/st3215/tx', file: 1, last_entry_id: None
[2026-07-28T18:09:41Z INFO  normfs::disk_monitor] Queue '/def2a37d42cc339debe54af4dcbf5406350216adb8fbd9e0f2c5b736d8ef1681/st3215/tx' size 0 is within limit 2147483648
[2026-07-28T18:09:41Z INFO  normfs::disk_monitor] Added disk monitoring for queue '/def2a37d42cc339debe54af4dcbf5406350216adb8fbd9e0f2c5b736d8ef1681/st3215/tx' with max_size: 2147483648 (S3 offloading: disabled)
[2026-07-28T18:09:41Z INFO  normfs] Added queue '/def2a37d42cc339debe54af4dcbf5406350216adb8fbd9e0f2c5b736d8ef1681/st3215/tx' to disk monitor with max_size: 2147483648
[2026-07-28T18:09:41Z INFO  normfs] Queue '/def2a37d42cc339debe54af4dcbf5406350216adb8fbd9e0f2c5b736d8ef1681/st3215/tx' started successfully, last_entry_id: None
[2026-07-28T18:09:41Z INFO  normfs] Auto-starting queue '/def2a37d42cc339debe54af4dcbf5406350216adb8fbd9e0f2c5b736d8ef1681/st3215/meta' in write mode for write request
[2026-07-28T18:09:41Z INFO  normfs_wal] WalStore: processing old files for queue '/def2a37d42cc339debe54af4dcbf5406350216adb8fbd9e0f2c5b736d8ef1681/st3215/tx', current file: 1 (not included)
[2026-07-28T18:09:41Z INFO  normfs] ========================================
[2026-07-28T18:09:41Z INFO  normfs] Starting queue: '/def2a37d42cc339debe54af4dcbf5406350216adb8fbd9e0f2c5b736d8ef1681/st3215/meta' (readonly=false)
[2026-07-28T18:09:41Z INFO  normfs] ========================================
[2026-07-28T18:09:41Z INFO  normfs] Continuing queue: '/def2a37d42cc339debe54af4dcbf5406350216adb8fbd9e0f2c5b736d8ef1681/st3215/meta'
[2026-07-28T18:09:41Z INFO  normfs_wal] WalStore: processed 0 old files for queue '/def2a37d42cc339debe54af4dcbf5406350216adb8fbd9e0f2c5b736d8ef1681/st3215/tx'
[2026-07-28T18:09:41Z INFO  normfs] Queue '/def2a37d42cc339debe54af4dcbf5406350216adb8fbd9e0f2c5b736d8ef1681/st3215/meta' - WAL has no files or error: PathError(NoFilesFound)
[2026-07-28T18:09:41Z INFO  normfs] Queue '/def2a37d42cc339debe54af4dcbf5406350216adb8fbd9e0f2c5b736d8ef1681/st3215/meta' - Store has no files or error: Path(NoFilesFound)
[2026-07-28T18:09:41Z INFO  normfs] Queue '/def2a37d42cc339debe54af4dcbf5406350216adb8fbd9e0f2c5b736d8ef1681/st3215/meta' - Latest file IDs summary: WAL=None, Store=None
[2026-07-28T18:09:41Z INFO  normfs] Queue '/def2a37d42cc339debe54af4dcbf5406350216adb8fbd9e0f2c5b736d8ef1681/st3215/meta' - Maximum file ID across WAL and Store: None
[2026-07-28T18:09:41Z INFO  normfs] Queue '/def2a37d42cc339debe54af4dcbf5406350216adb8fbd9e0f2c5b736d8ef1681/st3215/meta' - No files found, starting fresh
[2026-07-28T18:09:41Z INFO  normfs] ----------------------------------------
[2026-07-28T18:09:41Z INFO  normfs] Queue '/def2a37d42cc339debe54af4dcbf5406350216adb8fbd9e0f2c5b736d8ef1681/st3215/meta' - Recovery complete:
[2026-07-28T18:09:41Z INFO  normfs]   - Will write to file ID: 1
[2026-07-28T18:09:41Z INFO  normfs]   - Last entry ID in queue: None
[2026-07-28T18:09:41Z INFO  normfs]   - Header entries_before: 0
[2026-07-28T18:09:41Z INFO  normfs]   - Next entry will have ID: 0
[2026-07-28T18:09:41Z INFO  normfs] ----------------------------------------
[2026-07-28T18:09:41Z INFO  normfs_wal] WalStore: starting writer for queue '/def2a37d42cc339debe54af4dcbf5406350216adb8fbd9e0f2c5b736d8ef1681/st3215/meta', file: 1, last_entry_id: None, data size = 8 bytes, id size = 4 bytes
[2026-07-28T18:09:41Z INFO  normfs_wal::writer] WAL writer: creating new writer for queue '/def2a37d42cc339debe54af4dcbf5406350216adb8fbd9e0f2c5b736d8ef1681/st3215/meta', file: 1, last_entry_id: None
[2026-07-28T18:09:41Z INFO  normfs::disk_monitor] Queue '/def2a37d42cc339debe54af4dcbf5406350216adb8fbd9e0f2c5b736d8ef1681/st3215/meta' size 0 is within limit 2147483648
[2026-07-28T18:09:41Z INFO  normfs::disk_monitor] Added disk monitoring for queue '/def2a37d42cc339debe54af4dcbf5406350216adb8fbd9e0f2c5b736d8ef1681/st3215/meta' with max_size: 2147483648 (S3 offloading: disabled)
[2026-07-28T18:09:41Z INFO  normfs] Added queue '/def2a37d42cc339debe54af4dcbf5406350216adb8fbd9e0f2c5b736d8ef1681/st3215/meta' to disk monitor with max_size: 2147483648
[2026-07-28T18:09:41Z INFO  normfs] Queue '/def2a37d42cc339debe54af4dcbf5406350216adb8fbd9e0f2c5b736d8ef1681/st3215/meta' started successfully, last_entry_id: None
[2026-07-28T18:09:41Z INFO  normfs] Auto-starting queue '/def2a37d42cc339debe54af4dcbf5406350216adb8fbd9e0f2c5b736d8ef1681/st3215/inference' in write mode for write request
[2026-07-28T18:09:41Z INFO  normfs] ========================================
[2026-07-28T18:09:41Z INFO  normfs] Starting queue: '/def2a37d42cc339debe54af4dcbf5406350216adb8fbd9e0f2c5b736d8ef1681/st3215/inference' (readonly=false)
[2026-07-28T18:09:41Z INFO  normfs_wal] WalStore: processing old files for queue '/def2a37d42cc339debe54af4dcbf5406350216adb8fbd9e0f2c5b736d8ef1681/st3215/meta', current file: 1 (not included)
[2026-07-28T18:09:41Z INFO  normfs] ========================================
[2026-07-28T18:09:41Z INFO  normfs] Continuing queue: '/def2a37d42cc339debe54af4dcbf5406350216adb8fbd9e0f2c5b736d8ef1681/st3215/inference'
[2026-07-28T18:09:41Z INFO  normfs_wal] WalStore: processed 0 old files for queue '/def2a37d42cc339debe54af4dcbf5406350216adb8fbd9e0f2c5b736d8ef1681/st3215/meta'
[2026-07-28T18:09:41Z INFO  normfs] Queue '/def2a37d42cc339debe54af4dcbf5406350216adb8fbd9e0f2c5b736d8ef1681/st3215/inference' - WAL has no files or error: PathError(NoFilesFound)
[2026-07-28T18:09:41Z INFO  normfs] Queue '/def2a37d42cc339debe54af4dcbf5406350216adb8fbd9e0f2c5b736d8ef1681/st3215/inference' - Store has no files or error: Path(NoFilesFound)
[2026-07-28T18:09:41Z INFO  normfs] Queue '/def2a37d42cc339debe54af4dcbf5406350216adb8fbd9e0f2c5b736d8ef1681/st3215/inference' - Latest file IDs summary: WAL=None, Store=None
[2026-07-28T18:09:41Z INFO  normfs] Queue '/def2a37d42cc339debe54af4dcbf5406350216adb8fbd9e0f2c5b736d8ef1681/st3215/inference' - Maximum file ID across WAL and Store: None
[2026-07-28T18:09:41Z INFO  normfs] Queue '/def2a37d42cc339debe54af4dcbf5406350216adb8fbd9e0f2c5b736d8ef1681/st3215/inference' - No files found, starting fresh
[2026-07-28T18:09:41Z INFO  normfs] ----------------------------------------
[2026-07-28T18:09:41Z INFO  normfs] Queue '/def2a37d42cc339debe54af4dcbf5406350216adb8fbd9e0f2c5b736d8ef1681/st3215/inference' - Recovery complete:
[2026-07-28T18:09:41Z INFO  normfs]   - Will write to file ID: 1
[2026-07-28T18:09:41Z INFO  normfs]   - Last entry ID in queue: None
[2026-07-28T18:09:41Z INFO  normfs]   - Header entries_before: 0
[2026-07-28T18:09:41Z INFO  normfs]   - Next entry will have ID: 0
[2026-07-28T18:09:41Z INFO  normfs] ----------------------------------------
[2026-07-28T18:09:41Z INFO  normfs_wal] WalStore: starting writer for queue '/def2a37d42cc339debe54af4dcbf5406350216adb8fbd9e0f2c5b736d8ef1681/st3215/inference', file: 1, last_entry_id: None, data size = 8 bytes, id size = 4 bytes
[2026-07-28T18:09:41Z INFO  normfs_wal::writer] WAL writer: creating new writer for queue '/def2a37d42cc339debe54af4dcbf5406350216adb8fbd9e0f2c5b736d8ef1681/st3215/inference', file: 1, last_entry_id: None
[2026-07-28T18:09:41Z INFO  normfs::disk_monitor] Queue '/def2a37d42cc339debe54af4dcbf5406350216adb8fbd9e0f2c5b736d8ef1681/st3215/inference' size 0 is within limit 2147483648
[2026-07-28T18:09:41Z INFO  normfs::disk_monitor] Added disk monitoring for queue '/def2a37d42cc339debe54af4dcbf5406350216adb8fbd9e0f2c5b736d8ef1681/st3215/inference' with max_size: 2147483648 (S3 offloading: disabled)
[2026-07-28T18:09:41Z INFO  normfs] Added queue '/def2a37d42cc339debe54af4dcbf5406350216adb8fbd9e0f2c5b736d8ef1681/st3215/inference' to disk monitor with max_size: 2147483648
[2026-07-28T18:09:41Z INFO  normfs] Queue '/def2a37d42cc339debe54af4dcbf5406350216adb8fbd9e0f2c5b736d8ef1681/st3215/inference' started successfully, last_entry_id: None
[2026-07-28T18:09:41Z INFO  station::inference] Inference: registering queue '/def2a37d42cc339debe54af4dcbf5406350216adb8fbd9e0f2c5b736d8ef1681/st3215/rx' with type 11
[2026-07-28T18:09:41Z INFO  station::inference] Inference: subscribed to queue '/def2a37d42cc339debe54af4dcbf5406350216adb8fbd9e0f2c5b736d8ef1681/st3215/rx' with subscriber_id 0
[2026-07-28T18:09:41Z INFO  station::inference] Inference: registering queue '/def2a37d42cc339debe54af4dcbf5406350216adb8fbd9e0f2c5b736d8ef1681/st3215/tx' with type 10
[2026-07-28T18:09:41Z INFO  station::inference] Inference: subscribed to queue '/def2a37d42cc339debe54af4dcbf5406350216adb8fbd9e0f2c5b736d8ef1681/st3215/tx' with subscriber_id 0
[2026-07-28T18:09:41Z INFO  normfs_wal] WalStore: processing old files for queue '/def2a37d42cc339debe54af4dcbf5406350216adb8fbd9e0f2c5b736d8ef1681/st3215/inference', current file: 1 (not included)
[2026-07-28T18:09:41Z INFO  station::inference] Inference: registering queue '/def2a37d42cc339debe54af4dcbf5406350216adb8fbd9e0f2c5b736d8ef1681/st3215/meta' with type 12
[2026-07-28T18:09:41Z INFO  station::inference] Inference: subscribed to queue '/def2a37d42cc339debe54af4dcbf5406350216adb8fbd9e0f2c5b736d8ef1681/st3215/meta' with subscriber_id 0
[2026-07-28T18:09:41Z INFO  station::inference] Inference: registering queue '/def2a37d42cc339debe54af4dcbf5406350216adb8fbd9e0f2c5b736d8ef1681/st3215/inference' with type 13
[2026-07-28T18:09:41Z INFO  station::inference] Inference: subscribed to queue '/def2a37d42cc339debe54af4dcbf5406350216adb8fbd9e0f2c5b736d8ef1681/st3215/inference' with subscriber_id 0
[2026-07-28T18:09:41Z INFO  st3215::driver] Started ST3215 bus
[2026-07-28T18:09:41Z INFO  normfs_wal] WalStore: processed 0 old files for queue '/def2a37d42cc339debe54af4dcbf5406350216adb8fbd9e0f2c5b736d8ef1681/st3215/inference'
[2026-07-28T18:09:41Z INFO  normfs] Auto-starting queue '/def2a37d42cc339debe54af4dcbf5406350216adb8fbd9e0f2c5b736d8ef1681/motors_mirroring/modes' in write mode for write request
[2026-07-28T18:09:41Z INFO  normfs] ========================================
[2026-07-28T18:09:41Z INFO  normfs] Starting queue: '/def2a37d42cc339debe54af4dcbf5406350216adb8fbd9e0f2c5b736d8ef1681/motors_mirroring/modes' (readonly=false)
[2026-07-28T18:09:41Z INFO  normfs] ========================================
[2026-07-28T18:09:41Z INFO  normfs] Continuing queue: '/def2a37d42cc339debe54af4dcbf5406350216adb8fbd9e0f2c5b736d8ef1681/motors_mirroring/modes'
[2026-07-28T18:09:41Z INFO  normfs] Queue '/def2a37d42cc339debe54af4dcbf5406350216adb8fbd9e0f2c5b736d8ef1681/motors_mirroring/modes' - WAL has no files or error: PathError(NoFilesFound)
[2026-07-28T18:09:41Z INFO  normfs] Queue '/def2a37d42cc339debe54af4dcbf5406350216adb8fbd9e0f2c5b736d8ef1681/motors_mirroring/modes' - Store has no files or error: Path(NoFilesFound)
[2026-07-28T18:09:41Z INFO  normfs] Queue '/def2a37d42cc339debe54af4dcbf5406350216adb8fbd9e0f2c5b736d8ef1681/motors_mirroring/modes' - Latest file IDs summary: WAL=None, Store=None
[2026-07-28T18:09:41Z INFO  normfs] Queue '/def2a37d42cc339debe54af4dcbf5406350216adb8fbd9e0f2c5b736d8ef1681/motors_mirroring/modes' - Maximum file ID across WAL and Store: None
[2026-07-28T18:09:41Z INFO  normfs] Queue '/def2a37d42cc339debe54af4dcbf5406350216adb8fbd9e0f2c5b736d8ef1681/motors_mirroring/modes' - No files found, starting fresh
[2026-07-28T18:09:41Z INFO  normfs] ----------------------------------------
[2026-07-28T18:09:41Z INFO  normfs] Queue '/def2a37d42cc339debe54af4dcbf5406350216adb8fbd9e0f2c5b736d8ef1681/motors_mirroring/modes' - Recovery complete:
[2026-07-28T18:09:41Z INFO  normfs]   - Will write to file ID: 1
[2026-07-28T18:09:41Z INFO  normfs]   - Last entry ID in queue: None
[2026-07-28T18:09:41Z INFO  normfs]   - Header entries_before: 0
[2026-07-28T18:09:41Z INFO  normfs]   - Next entry will have ID: 0
[2026-07-28T18:09:41Z INFO  normfs] ----------------------------------------
[2026-07-28T18:09:41Z INFO  normfs_wal] WalStore: starting writer for queue '/def2a37d42cc339debe54af4dcbf5406350216adb8fbd9e0f2c5b736d8ef1681/motors_mirroring/modes', file: 1, last_entry_id: None, data size = 8 bytes, id size = 4 bytes
[2026-07-28T18:09:41Z INFO  normfs_wal::writer] WAL writer: creating new writer for queue '/def2a37d42cc339debe54af4dcbf5406350216adb8fbd9e0f2c5b736d8ef1681/motors_mirroring/modes', file: 1, last_entry_id: None
[2026-07-28T18:09:41Z INFO  normfs::disk_monitor] Queue '/def2a37d42cc339debe54af4dcbf5406350216adb8fbd9e0f2c5b736d8ef1681/motors_mirroring/modes' size 0 is within limit 2147483648
[2026-07-28T18:09:41Z INFO  normfs::disk_monitor] Added disk monitoring for queue '/def2a37d42cc339debe54af4dcbf5406350216adb8fbd9e0f2c5b736d8ef1681/motors_mirroring/modes' with max_size: 2147483648 (S3 offloading: disabled)
[2026-07-28T18:09:41Z INFO  normfs] Added queue '/def2a37d42cc339debe54af4dcbf5406350216adb8fbd9e0f2c5b736d8ef1681/motors_mirroring/modes' to disk monitor with max_size: 2147483648
[2026-07-28T18:09:41Z INFO  normfs] Queue '/def2a37d42cc339debe54af4dcbf5406350216adb8fbd9e0f2c5b736d8ef1681/motors_mirroring/modes' started successfully, last_entry_id: None
[2026-07-28T18:09:41Z INFO  normfs_wal] WalStore: processing old files for queue '/def2a37d42cc339debe54af4dcbf5406350216adb8fbd9e0f2c5b736d8ef1681/motors_mirroring/modes', current file: 1 (not included)
[2026-07-28T18:09:41Z INFO  normfs] Auto-starting queue '/def2a37d42cc339debe54af4dcbf5406350216adb8fbd9e0f2c5b736d8ef1681/inference/mirroring' in write mode for write request
[2026-07-28T18:09:41Z INFO  normfs] ========================================
[2026-07-28T18:09:41Z INFO  normfs] Starting queue: '/def2a37d42cc339debe54af4dcbf5406350216adb8fbd9e0f2c5b736d8ef1681/inference/mirroring' (readonly=false)
[2026-07-28T18:09:41Z INFO  normfs] ========================================
[2026-07-28T18:09:41Z INFO  normfs] Continuing queue: '/def2a37d42cc339debe54af4dcbf5406350216adb8fbd9e0f2c5b736d8ef1681/inference/mirroring'
[2026-07-28T18:09:41Z INFO  normfs_wal] WalStore: processed 0 old files for queue '/def2a37d42cc339debe54af4dcbf5406350216adb8fbd9e0f2c5b736d8ef1681/motors_mirroring/modes'
[2026-07-28T18:09:41Z INFO  normfs] Queue '/def2a37d42cc339debe54af4dcbf5406350216adb8fbd9e0f2c5b736d8ef1681/inference/mirroring' - WAL has no files or error: PathError(NoFilesFound)
[2026-07-28T18:09:41Z INFO  normfs] Queue '/def2a37d42cc339debe54af4dcbf5406350216adb8fbd9e0f2c5b736d8ef1681/inference/mirroring' - Store has no files or error: Path(NoFilesFound)
[2026-07-28T18:09:41Z INFO  normfs] Queue '/def2a37d42cc339debe54af4dcbf5406350216adb8fbd9e0f2c5b736d8ef1681/inference/mirroring' - Latest file IDs summary: WAL=None, Store=None
[2026-07-28T18:09:41Z INFO  normfs] Queue '/def2a37d42cc339debe54af4dcbf5406350216adb8fbd9e0f2c5b736d8ef1681/inference/mirroring' - Maximum file ID across WAL and Store: None
[2026-07-28T18:09:41Z INFO  normfs] Queue '/def2a37d42cc339debe54af4dcbf5406350216adb8fbd9e0f2c5b736d8ef1681/inference/mirroring' - No files found, starting fresh
[2026-07-28T18:09:41Z INFO  normfs] ----------------------------------------
[2026-07-28T18:09:41Z INFO  normfs] Queue '/def2a37d42cc339debe54af4dcbf5406350216adb8fbd9e0f2c5b736d8ef1681/inference/mirroring' - Recovery complete:
[2026-07-28T18:09:41Z INFO  normfs]   - Will write to file ID: 1
[2026-07-28T18:09:41Z INFO  normfs]   - Last entry ID in queue: None
[2026-07-28T18:09:41Z INFO  normfs]   - Header entries_before: 0
[2026-07-28T18:09:41Z INFO  normfs]   - Next entry will have ID: 0
[2026-07-28T18:09:41Z INFO  normfs] ----------------------------------------
[2026-07-28T18:09:41Z INFO  normfs_wal] WalStore: starting writer for queue '/def2a37d42cc339debe54af4dcbf5406350216adb8fbd9e0f2c5b736d8ef1681/inference/mirroring', file: 1, last_entry_id: None, data size = 8 bytes, id size = 4 bytes
[2026-07-28T18:09:41Z INFO  normfs_wal::writer] WAL writer: creating new writer for queue '/def2a37d42cc339debe54af4dcbf5406350216adb8fbd9e0f2c5b736d8ef1681/inference/mirroring', file: 1, last_entry_id: None
[2026-07-28T18:09:41Z INFO  normfs::disk_monitor] Queue '/def2a37d42cc339debe54af4dcbf5406350216adb8fbd9e0f2c5b736d8ef1681/inference/mirroring' size 0 is within limit 2147483648
[2026-07-28T18:09:41Z INFO  normfs::disk_monitor] Added disk monitoring for queue '/def2a37d42cc339debe54af4dcbf5406350216adb8fbd9e0f2c5b736d8ef1681/inference/mirroring' with max_size: 2147483648 (S3 offloading: disabled)
[2026-07-28T18:09:41Z INFO  normfs_wal] WalStore: processing old files for queue '/def2a37d42cc339debe54af4dcbf5406350216adb8fbd9e0f2c5b736d8ef1681/inference/mirroring', current file: 1 (not included)
[2026-07-28T18:09:41Z INFO  normfs] Added queue '/def2a37d42cc339debe54af4dcbf5406350216adb8fbd9e0f2c5b736d8ef1681/inference/mirroring' to disk monitor with max_size: 2147483648
[2026-07-28T18:09:41Z INFO  normfs] Queue '/def2a37d42cc339debe54af4dcbf5406350216adb8fbd9e0f2c5b736d8ef1681/inference/mirroring' started successfully, last_entry_id: None
[2026-07-28T18:09:41Z INFO  station::inference] Inference: registering queue '/def2a37d42cc339debe54af4dcbf5406350216adb8fbd9e0f2c5b736d8ef1681/motors_mirroring/modes' with type 30
[2026-07-28T18:09:41Z INFO  station::inference] Inference: subscribed to queue '/def2a37d42cc339debe54af4dcbf5406350216adb8fbd9e0f2c5b736d8ef1681/motors_mirroring/modes' with subscriber_id 0
[2026-07-28T18:09:41Z INFO  station::inference] Inference: registering queue '/def2a37d42cc339debe54af4dcbf5406350216adb8fbd9e0f2c5b736d8ef1681/inference/mirroring' with type 32
[2026-07-28T18:09:41Z INFO  station::inference] Inference: subscribed to queue '/def2a37d42cc339debe54af4dcbf5406350216adb8fbd9e0f2c5b736d8ef1681/inference/mirroring' with subscriber_id 0
[2026-07-28T18:09:41Z INFO  normfs_wal] WalStore: processed 0 old files for queue '/def2a37d42cc339debe54af4dcbf5406350216adb8fbd9e0f2c5b736d8ef1681/inference/mirroring'
[2026-07-28T18:09:41Z INFO  station] No USB video configuration found
[2026-07-28T18:09:41Z INFO  station] No inference configuration found, using default normvla config
[2026-07-28T18:09:41Z INFO  inferences] Starting inference driver with 1 configurations
[2026-07-28T18:09:41Z INFO  inferences] Creating inference queue: inference/normvla
[2026-07-28T18:09:41Z INFO  normfs] Auto-starting queue '/def2a37d42cc339debe54af4dcbf5406350216adb8fbd9e0f2c5b736d8ef1681/inference/normvla' in write mode for write request
[2026-07-28T18:09:41Z INFO  normfs] ========================================
[2026-07-28T18:09:41Z INFO  normfs] Starting queue: '/def2a37d42cc339debe54af4dcbf5406350216adb8fbd9e0f2c5b736d8ef1681/inference/normvla' (readonly=false)
[2026-07-28T18:09:41Z INFO  normfs] ========================================
[2026-07-28T18:09:41Z INFO  normfs] Continuing queue: '/def2a37d42cc339debe54af4dcbf5406350216adb8fbd9e0f2c5b736d8ef1681/inference/normvla'
[2026-07-28T18:09:41Z INFO  motors_mirroring] Restored 0 bus modes from normfs
[2026-07-28T18:09:41Z INFO  normfs] Queue '/def2a37d42cc339debe54af4dcbf5406350216adb8fbd9e0f2c5b736d8ef1681/inference/normvla' - WAL has no files or error: PathError(NoFilesFound)
[2026-07-28T18:09:41Z INFO  normfs] Queue '/def2a37d42cc339debe54af4dcbf5406350216adb8fbd9e0f2c5b736d8ef1681/inference/normvla' - Store has no files or error: Path(NoFilesFound)
[2026-07-28T18:09:41Z INFO  normfs] Queue '/def2a37d42cc339debe54af4dcbf5406350216adb8fbd9e0f2c5b736d8ef1681/inference/normvla' - Latest file IDs summary: WAL=None, Store=None
[2026-07-28T18:09:41Z INFO  normfs] Queue '/def2a37d42cc339debe54af4dcbf5406350216adb8fbd9e0f2c5b736d8ef1681/inference/normvla' - Maximum file ID across WAL and Store: None
[2026-07-28T18:09:41Z INFO  normfs] Queue '/def2a37d42cc339debe54af4dcbf5406350216adb8fbd9e0f2c5b736d8ef1681/inference/normvla' - No files found, starting fresh
[2026-07-28T18:09:41Z INFO  normfs] ----------------------------------------
[2026-07-28T18:09:41Z INFO  normfs] Queue '/def2a37d42cc339debe54af4dcbf5406350216adb8fbd9e0f2c5b736d8ef1681/inference/normvla' - Recovery complete:
[2026-07-28T18:09:41Z INFO  normfs]   - Will write to file ID: 1
[2026-07-28T18:09:41Z INFO  normfs]   - Last entry ID in queue: None
[2026-07-28T18:09:41Z INFO  normfs]   - Header entries_before: 0
[2026-07-28T18:09:41Z INFO  normfs]   - Next entry will have ID: 0
[2026-07-28T18:09:41Z INFO  normfs] ----------------------------------------
[2026-07-28T18:09:41Z INFO  normfs_wal] WalStore: starting writer for queue '/def2a37d42cc339debe54af4dcbf5406350216adb8fbd9e0f2c5b736d8ef1681/inference/normvla', file: 1, last_entry_id: None, data size = 8 bytes, id size = 4 bytes
[2026-07-28T18:09:41Z INFO  normfs_wal::writer] WAL writer: creating new writer for queue '/def2a37d42cc339debe54af4dcbf5406350216adb8fbd9e0f2c5b736d8ef1681/inference/normvla', file: 1, last_entry_id: None
[2026-07-28T18:09:41Z INFO  normfs::disk_monitor] Queue '/def2a37d42cc339debe54af4dcbf5406350216adb8fbd9e0f2c5b736d8ef1681/inference/normvla' size 0 is within limit 2147483648
[2026-07-28T18:09:41Z INFO  normfs_wal] WalStore: processing old files for queue '/def2a37d42cc339debe54af4dcbf5406350216adb8fbd9e0f2c5b736d8ef1681/inference/normvla', current file: 1 (not included)
[2026-07-28T18:09:41Z INFO  normfs::disk_monitor] Added disk monitoring for queue '/def2a37d42cc339debe54af4dcbf5406350216adb8fbd9e0f2c5b736d8ef1681/inference/normvla' with max_size: 2147483648 (S3 offloading: disabled)
[2026-07-28T18:09:41Z INFO  normfs] Added queue '/def2a37d42cc339debe54af4dcbf5406350216adb8fbd9e0f2c5b736d8ef1681/inference/normvla' to disk monitor with max_size: 2147483648
[2026-07-28T18:09:41Z INFO  normfs] Queue '/def2a37d42cc339debe54af4dcbf5406350216adb8fbd9e0f2c5b736d8ef1681/inference/normvla' started successfully, last_entry_id: None
[2026-07-28T18:09:41Z INFO  station::inference] Inference: registering queue '/def2a37d42cc339debe54af4dcbf5406350216adb8fbd9e0f2c5b736d8ef1681/inference/normvla' with type 22
[2026-07-28T18:09:41Z INFO  station::inference] Inference: subscribed to queue '/def2a37d42cc339debe54af4dcbf5406350216adb8fbd9e0f2c5b736d8ef1681/inference/normvla' with subscriber_id 0
[2026-07-28T18:09:41Z INFO  normfs_wal] WalStore: processed 0 old files for queue '/def2a37d42cc339debe54af4dcbf5406350216adb8fbd9e0f2c5b736d8ef1681/inference/normvla'
[2026-07-28T18:09:41Z INFO  inferences] Starting inference shared memory writer at "/dev/shm/normvla" (12MB, 4 buffers, 3145704 bytes per buffer)
[2026-07-28T18:09:41Z INFO  inferences] Inference driver started
[2026-07-28T18:09:41Z INFO  station] Drivers started
[2026-07-28T18:09:41Z INFO  inferences] Inference processor started for queue: inference/normvla
[2026-07-28T18:09:41Z INFO  normfs::server] NormFS server listening on 127.0.0.1:8888
[2026-07-28T18:09:41Z INFO  station] NormFS server listening on 127.0.0.1:8888
[2026-07-28T18:09:41Z INFO  station::web::server] WebSocket server listening on 127.0.0.1:8889
[2026-07-28T18:09:41Z INFO  st3215::driver] New ST3215 port detected: /dev/ttyACM0
[2026-07-28T18:09:41Z INFO  st3215::driver] Added ST3215 port to management: /dev/ttyACM0
[2026-07-28T18:09:41Z INFO  inferences::formats::normvla] Skip: no_images (inference_stamp_ns=46190082504077, entries=2, joints=0)
[2026-07-28T18:09:41Z INFO  st3215::port] Attempting to open ST3215 port: /dev/ttyACM0
[2026-07-28T18:09:41Z INFO  st3215::port] Successfully opened ST3215 port: /dev/ttyACM0
[2026-07-28T18:09:41Z WARN  inferences::formats::normvla] Skip: no_bus (auto mode — zero or multiple buses with torque: [5B14114953(torque=false)])
[2026-07-28T18:09:42Z INFO  st3215::port] Detected new ST3215 motor ID on port: /dev/ttyACM0 11
[2026-07-28T18:09:42Z INFO  st3215::port] Detected new ST3215 motor ID on port: /dev/ttyACM0 12
[2026-07-28T18:09:42Z INFO  st3215::port] Detected new ST3215 motor ID on port: /dev/ttyACM0 13
[2026-07-28T18:09:42Z INFO  st3215::port] Detected new ST3215 motor ID on port: /dev/ttyACM0 21
[2026-07-28T18:09:42Z INFO  st3215::port] Detected new ST3215 motor ID on port: /dev/ttyACM0 22
[2026-07-28T18:09:42Z INFO  st3215::port] Detected new ST3215 motor ID on port: /dev/ttyACM0 23
[2026-07-28T18:09:42Z INFO  st3215::port] Detected new ST3215 motor ID on port: /dev/ttyACM0 31
[2026-07-28T18:09:42Z INFO  st3215::port] Detected new ST3215 motor ID on port: /dev/ttyACM0 32
[2026-07-28T18:09:42Z INFO  st3215::port] Detected new ST3215 motor ID on port: /dev/ttyACM0 33
[2026-07-28T18:09:42Z INFO  st3215::port] Detected new ST3215 motor ID on port: /dev/ttyACM0 41
[2026-07-28T18:09:42Z INFO  st3215::port] Detected new ST3215 motor ID on port: /dev/ttyACM0 42
[2026-07-28T18:09:42Z INFO  st3215::port] Detected new ST3215 motor ID on port: /dev/ttyACM0 43
[2026-07-28T18:09:45Z INFO  motors_mirroring] Stopping mirroring for source bus: BusKey { bus_id: "5B14114953", bus_type: MbtSt3215 }
[2026-07-28T18:09:45Z WARN  st3215::state] Received command with motor_id 0, skipping: RxEnvelope { monotonic_stamp_ns: 46193728956682, local_stamp_ns: 1785262185206239882, app_start_id: 1785262181, signal_type: St3215Command, bus: Some(St3215Bus { port_name: "/dev/ttyACM0", vid: 6790, pid: 21971, serial_number: "5B14114953", manufacturer: "", product: "USB Single Serial", port_baud_rate: 1000000 }), motor_id: 0, data: b"", command: Some(TxEnvelope { monotonic_stamp_ns: 46193728041028, local_stamp_ns: 1785262185205324633, app_start_id: 1785262181, target_bus_serial: "5B14114953", command_id: b"\0\0\0\x02", write: None, reg_write: None, action: None, reset: None, reset_calibration: Some(ResetCalibrationCommand { reset: true }), freeze_calibration: None, sync_write: None, auto_calibrate: None, stop_auto_calibrate: None }), error: None }
[2026-07-28T18:09:45Z WARN  st3215::port] Rejecting non-MATDOG-RAM command while native MATDOG profile arming is active: command_id=b"\0\0\0\x02"
[2026-07-28T18:09:45Z WARN  st3215::state] Received command with motor_id 0, skipping: RxEnvelope { monotonic_stamp_ns: 46193729216846, local_stamp_ns: 1785262185206500092, app_start_id: 1785262181, signal_type: St3215CommandRejected, bus: Some(St3215Bus { port_name: "/dev/ttyACM0", vid: 6790, pid: 21971, serial_number: "5B14114953", manufacturer: "", product: "USB Single Serial", port_baud_rate: 1000000 }), motor_id: 0, data: b"", command: Some(TxEnvelope { monotonic_stamp_ns: 46193728041028, local_stamp_ns: 1785262185205324633, app_start_id: 1785262181, target_bus_serial: "5B14114953", command_id: b"\0\0\0\x02", write: None, reg_write: None, action: None, reset: None, reset_calibration: Some(ResetCalibrationCommand { reset: true }), freeze_calibration: None, sync_write: None, auto_calibrate: None, stop_auto_calibrate: None }), error: None }
[2026-07-28T18:09:46Z WARN  st3215::state] Received command with motor_id 0, skipping: RxEnvelope { monotonic_stamp_ns: 46195216914718, local_stamp_ns: 1785262186694197889, app_start_id: 1785262181, signal_type: St3215Command, bus: Some(St3215Bus { port_name: "/dev/ttyACM0", vid: 6790, pid: 21971, serial_number: "5B14114953", manufacturer: "", product: "USB Single Serial", port_baud_rate: 1000000 }), motor_id: 0, data: b"", command: Some(TxEnvelope { monotonic_stamp_ns: 46195216627548, local_stamp_ns: 1785262186693910966, app_start_id: 1785262181, target_bus_serial: "5B14114953", command_id: b"\0\0\0\x03", write: None, reg_write: None, action: None, reset: None, reset_calibration: None, freeze_calibration: None, sync_write: None, auto_calibrate: Some(AutoCalibrateCommand { calibrate: true }), stop_auto_calibrate: None }), error: None }
[2026-07-28T18:09:46Z INFO  st3215::port] Processing ST3215 AutoCalibrate command.
[2026-07-28T18:09:46Z INFO  st3215::auto_calibrate] Starting auto-calibration sequence for bus 5B14114953
[2026-07-28T18:09:46Z INFO  st3215::auto_calibrate] Found 12 motor(s): [11, 12, 13, 21, 22, 23, 31, 32, 33, 41, 42, 43]
[2026-07-28T18:09:46Z WARN  st3215::state] Received command with motor_id 0, skipping: RxEnvelope { monotonic_stamp_ns: 46195394264950, local_stamp_ns: 1785262186871548539, app_start_id: 1785262181, signal_type: St3215CommandSuccess, bus: Some(St3215Bus { port_name: "/dev/ttyACM0", vid: 6790, pid: 21971, serial_number: "5B14114953", manufacturer: "", product: "USB Single Serial", port_baud_rate: 1000000 }), motor_id: 0, data: b"", command: Some(TxEnvelope { monotonic_stamp_ns: 46195216627548, local_stamp_ns: 1785262186693910966, app_start_id: 1785262181, target_bus_serial: "5B14114953", command_id: b"\0\0\0\x03", write: None, reg_write: None, action: None, reset: None, reset_calibration: None, freeze_calibration: None, sync_write: None, auto_calibrate: Some(AutoCalibrateCommand { calibrate: true }), stop_auto_calibrate: None }), error: None }
[2026-07-28T18:09:46Z INFO  st3215::state] update_calibration_progress called: bus='5B14114953', status=InProgress, step=0/14
[2026-07-28T18:09:46Z INFO  st3215::state] InferenceState has 1 buses, looking for '5B14114953'
[2026-07-28T18:09:46Z INFO  st3215::state] Updating auto_calibration for bus '5B14114953': status=InProgress, step=0/14, phase='LF_UPPER_M12_MAX: MATDOG native profile preflight'
[2026-07-28T18:09:46Z INFO  st3215::state] update_calibration_progress called: bus='5B14114953', status=InProgress, step=1/14
[2026-07-28T18:09:46Z INFO  st3215::state] InferenceState has 1 buses, looking for '5B14114953'
[2026-07-28T18:09:46Z INFO  st3215::state] Updating auto_calibration for bus '5B14114953': status=InProgress, step=1/14, phase='LF_UPPER_M12_MAX: Verify exact MATDOG ID set'
[2026-07-28T18:09:46Z INFO  st3215::state] update_calibration_progress called: bus='5B14114953', status=InProgress, step=2/14
[2026-07-28T18:09:46Z INFO  st3215::state] InferenceState has 1 buses, looking for '5B14114953'
[2026-07-28T18:09:46Z INFO  st3215::state] Updating auto_calibration for bus '5B14114953': status=InProgress, step=2/14, phase='LF_UPPER_M12_MAX: Verified global torque OFF'
[2026-07-28T18:09:46Z INFO  st3215::state] update_calibration_progress called: bus='5B14114953', status=InProgress, step=3/14
[2026-07-28T18:09:46Z INFO  st3215::state] InferenceState has 1 buses, looking for '5B14114953'
[2026-07-28T18:09:46Z INFO  st3215::state] Updating auto_calibration for bus '5B14114953': status=InProgress, step=3/14, phase='LF_UPPER_M12_MAX: Inspect restart-safe profile entry'
[2026-07-28T18:09:46Z INFO  st3215::auto_calibrate::matdog] MATDOG LF_UPPER_M12_MAX restart prerequisite inventory: M42 present=2385 target=2389
[2026-07-28T18:09:46Z INFO  st3215::auto_calibrate::matdog] MATDOG LF_UPPER_M12_MAX restart prerequisite inventory: M13 present=2054 target=2048
[2026-07-28T18:09:46Z INFO  st3215::auto_calibrate::matdog] MATDOG LF_UPPER_M12_MAX restart prerequisite inventory: M11 present=2047 target=2048
[2026-07-28T18:09:46Z INFO  st3215::auto_calibrate::matdog] MATDOG LF_UPPER_M12_MAX restart probe inventory: M12 present=2367 home=2048 guard=3506
[2026-07-28T18:09:46Z INFO  st3215::state] update_calibration_progress called: bus='5B14114953', status=InProgress, step=4/14
[2026-07-28T18:09:46Z INFO  st3215::state] InferenceState has 1 buses, looking for '5B14114953'
[2026-07-28T18:09:46Z INFO  st3215::state] Updating auto_calibration for bus '5B14114953': status=InProgress, step=4/14, phase='LF_UPPER_M12_MAX: Recover home-only joints to digital home'
[2026-07-28T18:09:46Z INFO  st3215::state] update_calibration_progress called: bus='5B14114953', status=InProgress, step=5/14
[2026-07-28T18:09:46Z INFO  st3215::state] InferenceState has 1 buses, looking for '5B14114953'
[2026-07-28T18:09:46Z INFO  st3215::state] Updating auto_calibration for bus '5B14114953': status=InProgress, step=5/14, phase='LF_UPPER_M12_MAX: Establish geometry prerequisites from restart-safe state'
[2026-07-28T18:09:46Z INFO  st3215::auto_calibrate::matdog] MATDOG LF_UPPER_M12_MAX establish prerequisite: M42 present=2385 target=2389
[2026-07-28T18:09:46Z INFO  st3215::port] Processing ST3215 Write command - Motor: 42, Address: 0x2A, Value: b"Q\t"
[2026-07-28T18:09:46Z INFO  st3215::port] ST3215 Write command completed - Motor: 42, Response: Write { source_bytes: b"\xff\xff*\x02\0\xd3" }
[2026-07-28T18:09:46Z INFO  st3215::port] Processing ST3215 Write command - Motor: 42, Address: 0x30, Value: b"\x90\x01"
[2026-07-28T18:09:46Z INFO  st3215::port] ST3215 Write command completed - Motor: 42, Response: Write { source_bytes: b"\xff\xff*\x02\0\xd3" }
[2026-07-28T18:09:46Z INFO  st3215::port] Processing ST3215 Write command - Motor: 42, Address: 0x29, Value: b"\x04"
[2026-07-28T18:09:46Z INFO  st3215::port] ST3215 Write command completed - Motor: 42, Response: Write { source_bytes: b"\xff\xff*\x02\0\xd3" }
[2026-07-28T18:09:46Z INFO  st3215::port] Processing ST3215 Write command - Motor: 42, Address: 0x2E, Value: b"P\0"
[2026-07-28T18:09:46Z INFO  st3215::port] ST3215 Write command completed - Motor: 42, Response: Write { source_bytes: b"\xff\xff*\x02\0\xd3" }
[2026-07-28T18:09:46Z INFO  st3215::port] Processing ST3215 Write command - Motor: 42, Address: 0x28, Value: b"\x01"
[2026-07-28T18:09:46Z INFO  st3215::port] ST3215 Write command completed - Motor: 42, Response: Write { source_bytes: b"\xff\xff*\x02\0\xd3" }
[2026-07-28T18:09:46Z INFO  inferences::formats::normvla] Skip: invalid_range (bus=5B14114953 motor=11 range_min=2148 range_max=2148)
[2026-07-28T18:09:46Z INFO  st3215::port] Processing ST3215 Write command - Motor: 42, Address: 0x2A, Value: b"U\t"
[2026-07-28T18:09:46Z INFO  st3215::port] ST3215 Write command completed - Motor: 42, Response: Write { source_bytes: b"\xff\xff*\x02\0\xd3" }
[2026-07-28T18:09:47Z INFO  st3215::auto_calibrate::matdog] MATDOG LF_UPPER_M12_MAX move plan: M42 start=2385 target=2389 distance=4 timeout_ms=12000
[2026-07-28T18:09:47Z INFO  st3215::auto_calibrate::matdog] MATDOG LF_UPPER_M12_MAX establish prerequisite: M13 present=2054 target=2048
[2026-07-28T18:09:47Z INFO  st3215::port] Processing ST3215 Write command - Motor: 13, Address: 0x2A, Value: b"\x06\x08"
[2026-07-28T18:09:47Z INFO  st3215::port] ST3215 Write command completed - Motor: 13, Response: Write { source_bytes: b"\xff\xff\r\x02\0\xf0" }
[2026-07-28T18:09:47Z INFO  st3215::port] Processing ST3215 Write command - Motor: 13, Address: 0x30, Value: b"\x90\x01"
[2026-07-28T18:09:47Z INFO  st3215::port] ST3215 Write command completed - Motor: 13, Response: Write { source_bytes: b"\xff\xff\r\x02\0\xf0" }
[2026-07-28T18:09:47Z INFO  st3215::port] Processing ST3215 Write command - Motor: 13, Address: 0x29, Value: b"\x04"
[2026-07-28T18:09:47Z INFO  st3215::port] ST3215 Write command completed - Motor: 13, Response: Write { source_bytes: b"\xff\xff\r\x02\0\xf0" }
[2026-07-28T18:09:47Z INFO  inferences::formats::normvla] Skip: invalid_range (bus=5B14114953 motor=11 range_min=2148 range_max=2148)
[2026-07-28T18:09:47Z INFO  st3215::port] Processing ST3215 Write command - Motor: 13, Address: 0x2E, Value: b"P\0"
[2026-07-28T18:09:47Z INFO  st3215::port] ST3215 Write command completed - Motor: 13, Response: Write { source_bytes: b"\xff\xff\r\x02\0\xf0" }
[2026-07-28T18:09:47Z INFO  st3215::port] Processing ST3215 Write command - Motor: 13, Address: 0x28, Value: b"\x01"
[2026-07-28T18:09:47Z INFO  st3215::port] ST3215 Write command completed - Motor: 13, Response: Write { source_bytes: b"\xff\xff\r\x02\0\xf0" }
[2026-07-28T18:09:47Z INFO  st3215::port] Processing ST3215 Write command - Motor: 13, Address: 0x2A, Value: b"\0\x08"
[2026-07-28T18:09:47Z INFO  st3215::port] ST3215 Write command completed - Motor: 13, Response: Write { source_bytes: b"\xff\xff\r\x02\0\xf0" }
[2026-07-28T18:09:47Z INFO  st3215::auto_calibrate::matdog] MATDOG LF_UPPER_M12_MAX move plan: M13 start=2054 target=2048 distance=6 timeout_ms=12000
[2026-07-28T18:09:47Z INFO  st3215::auto_calibrate::matdog] MATDOG LF_UPPER_M12_MAX establish prerequisite: M11 present=2047 target=2048
[2026-07-28T18:09:47Z INFO  st3215::port] Processing ST3215 Write command - Motor: 11, Address: 0x2A, Value: b"\xff\x07"
[2026-07-28T18:09:47Z INFO  st3215::port] ST3215 Write command completed - Motor: 11, Response: Write { source_bytes: b"\xff\xff\x0b\x02\0\xf2" }
[2026-07-28T18:09:47Z INFO  inferences::formats::normvla] Skip: invalid_range (bus=5B14114953 motor=11 range_min=2148 range_max=2148)
[2026-07-28T18:09:47Z INFO  st3215::port] Processing ST3215 Write command - Motor: 11, Address: 0x30, Value: b"\x90\x01"
[2026-07-28T18:09:47Z INFO  st3215::port] ST3215 Write command completed - Motor: 11, Response: Write { source_bytes: b"\xff\xff\x0b\x02\0\xf2" }
[2026-07-28T18:09:47Z INFO  st3215::port] Processing ST3215 Write command - Motor: 11, Address: 0x29, Value: b"\x04"
[2026-07-28T18:09:47Z INFO  st3215::port] ST3215 Write command completed - Motor: 11, Response: Write { source_bytes: b"\xff\xff\x0b\x02\0\xf2" }
[2026-07-28T18:09:47Z INFO  st3215::port] Processing ST3215 Write command - Motor: 11, Address: 0x2E, Value: b"P\0"
[2026-07-28T18:09:47Z INFO  st3215::port] ST3215 Write command completed - Motor: 11, Response: Write { source_bytes: b"\xff\xff\x0b\x02\0\xf2" }
[2026-07-28T18:09:47Z INFO  st3215::port] Processing ST3215 Write command - Motor: 11, Address: 0x28, Value: b"\x01"
[2026-07-28T18:09:47Z INFO  st3215::port] ST3215 Write command completed - Motor: 11, Response: Write { source_bytes: b"\xff\xff\x0b\x02\0\xf2" }
[2026-07-28T18:09:47Z INFO  st3215::port] Processing ST3215 Write command - Motor: 11, Address: 0x2A, Value: b"\0\x08"
[2026-07-28T18:09:47Z INFO  st3215::port] ST3215 Write command completed - Motor: 11, Response: Write { source_bytes: b"\xff\xff\x0b\x02\0\xf2" }
[2026-07-28T18:09:47Z INFO  inferences::formats::normvla] Skip: invalid_range (bus=5B14114953 motor=11 range_min=2148 range_max=2148)
[2026-07-28T18:09:47Z INFO  st3215::auto_calibrate::matdog] MATDOG LF_UPPER_M12_MAX move plan: M11 start=2047 target=2048 distance=1 timeout_ms=12000
[2026-07-28T18:09:47Z INFO  st3215::state] update_calibration_progress called: bus='5B14114953', status=InProgress, step=6/14
[2026-07-28T18:09:47Z INFO  st3215::state] InferenceState has 1 buses, looking for '5B14114953'
[2026-07-28T18:09:47Z INFO  st3215::state] Updating auto_calibration for bus '5B14114953': status=InProgress, step=6/14, phase='LF_UPPER_M12_MAX: Prime and return probing joint home'
[2026-07-28T18:09:47Z INFO  st3215::port] Processing ST3215 Write command - Motor: 12, Address: 0x2A, Value: b"?\t"
[2026-07-28T18:09:47Z INFO  st3215::port] ST3215 Write command completed - Motor: 12, Response: Write { source_bytes: b"\xff\xff\x0c\x02\0\xf1" }
[2026-07-28T18:09:47Z INFO  st3215::port] Processing ST3215 Write command - Motor: 12, Address: 0x30, Value: b"\x90\x01"
[2026-07-28T18:09:47Z INFO  st3215::port] ST3215 Write command completed - Motor: 12, Response: Write { source_bytes: b"\xff\xff\x0c\x02\0\xf1" }
[2026-07-28T18:09:47Z INFO  st3215::port] Processing ST3215 Write command - Motor: 12, Address: 0x29, Value: b"\x04"
[2026-07-28T18:09:47Z INFO  st3215::port] ST3215 Write command completed - Motor: 12, Response: Write { source_bytes: b"\xff\xff\x0c\x02\0\xf1" }
[2026-07-28T18:09:47Z INFO  st3215::port] Processing ST3215 Write command - Motor: 12, Address: 0x2E, Value: b"P\0"
[2026-07-28T18:09:47Z INFO  st3215::port] ST3215 Write command completed - Motor: 12, Response: Write { source_bytes: b"\xff\xff\x0c\x02\0\xf1" }
[2026-07-28T18:09:47Z INFO  inferences::formats::normvla] Skip: invalid_range (bus=5B14114953 motor=11 range_min=2148 range_max=2148)
[2026-07-28T18:09:47Z INFO  st3215::port] Processing ST3215 Write command - Motor: 12, Address: 0x28, Value: b"\x01"
[2026-07-28T18:09:47Z INFO  st3215::port] ST3215 Write command completed - Motor: 12, Response: Write { source_bytes: b"\xff\xff\x0c\x02\0\xf1" }
[2026-07-28T18:09:47Z INFO  st3215::port] Processing ST3215 Write command - Motor: 12, Address: 0x2A, Value: b"\0\x08"
[2026-07-28T18:09:47Z INFO  st3215::port] ST3215 Write command completed - Motor: 12, Response: Write { source_bytes: b"\xff\xff\x0c\x02\0\xf1" }
[2026-07-28T18:09:47Z INFO  st3215::auto_calibrate::matdog] MATDOG LF_UPPER_M12_MAX move plan: M12 start=2367 target=2048 distance=319 timeout_ms=12975
[2026-07-28T18:09:47Z INFO  inferences::formats::normvla] Skip: invalid_range (bus=5B14114953 motor=11 range_min=2148 range_max=2148)
[2026-07-28T18:09:47Z INFO  inferences::formats::normvla] Skip: invalid_range (bus=5B14114953 motor=11 range_min=2148 range_max=2148)
[2026-07-28T18:09:47Z INFO  inferences::formats::normvla] Skip: invalid_range (bus=5B14114953 motor=11 range_min=2148 range_max=2148)
[2026-07-28T18:09:47Z INFO  inferences::formats::normvla] Skip: invalid_range (bus=5B14114953 motor=11 range_min=2148 range_max=2148)
[2026-07-28T18:09:47Z INFO  inferences::formats::normvla] Skip: invalid_range (bus=5B14114953 motor=11 range_min=2148 range_max=2148)
[2026-07-28T18:09:47Z INFO  inferences::formats::normvla] Skip: invalid_range (bus=5B14114953 motor=11 range_min=2148 range_max=2148)
[2026-07-28T18:09:48Z INFO  inferences::formats::normvla] Skip: invalid_range (bus=5B14114953 motor=11 range_min=2148 range_max=2148)
[2026-07-28T18:09:48Z INFO  inferences::formats::normvla] Skip: invalid_range (bus=5B14114953 motor=11 range_min=2148 range_max=2148)
[2026-07-28T18:09:48Z INFO  inferences::formats::normvla] Skip: invalid_range (bus=5B14114953 motor=11 range_min=2148 range_max=2148)
[2026-07-28T18:09:48Z INFO  inferences::formats::normvla] Skip: invalid_range (bus=5B14114953 motor=11 range_min=2148 range_max=2148)
[2026-07-28T18:09:48Z INFO  inferences::formats::normvla] Skip: invalid_range (bus=5B14114953 motor=11 range_min=2148 range_max=2148)
[2026-07-28T18:09:48Z INFO  inferences::formats::normvla] Skip: invalid_range (bus=5B14114953 motor=11 range_min=2148 range_max=2148)
[2026-07-28T18:09:48Z INFO  inferences::formats::normvla] Skip: invalid_range (bus=5B14114953 motor=11 range_min=2148 range_max=2148)
[2026-07-28T18:09:48Z INFO  inferences::formats::normvla] Skip: invalid_range (bus=5B14114953 motor=11 range_min=2148 range_max=2148)
[2026-07-28T18:09:48Z INFO  inferences::formats::normvla] Skip: invalid_range (bus=5B14114953 motor=11 range_min=2148 range_max=2148)
[2026-07-28T18:09:48Z INFO  inferences::formats::normvla] Skip: invalid_range (bus=5B14114953 motor=11 range_min=2148 range_max=2148)
[2026-07-28T18:09:49Z INFO  inferences::formats::normvla] Skip: invalid_range (bus=5B14114953 motor=11 range_min=2148 range_max=2148)
[2026-07-28T18:09:49Z INFO  inferences::formats::normvla] Skip: invalid_range (bus=5B14114953 motor=11 range_min=2148 range_max=2148)
[2026-07-28T18:09:49Z INFO  inferences::formats::normvla] Skip: invalid_range (bus=5B14114953 motor=11 range_min=2148 range_max=2148)
[2026-07-28T18:09:49Z INFO  inferences::formats::normvla] Skip: invalid_range (bus=5B14114953 motor=11 range_min=2148 range_max=2148)
[2026-07-28T18:09:49Z INFO  inferences::formats::normvla] Skip: invalid_range (bus=5B14114953 motor=11 range_min=2148 range_max=2148)
[2026-07-28T18:09:49Z INFO  inferences::formats::normvla] Skip: invalid_range (bus=5B14114953 motor=11 range_min=2148 range_max=2148)
[2026-07-28T18:09:49Z INFO  inferences::formats::normvla] Skip: invalid_range (bus=5B14114953 motor=11 range_min=2148 range_max=2148)
[2026-07-28T18:09:49Z INFO  inferences::formats::normvla] Skip: invalid_range (bus=5B14114953 motor=11 range_min=2148 range_max=2148)
[2026-07-28T18:09:49Z INFO  inferences::formats::normvla] Skip: invalid_range (bus=5B14114953 motor=11 range_min=2148 range_max=2148)
[2026-07-28T18:09:50Z INFO  inferences::formats::normvla] Skip: invalid_range (bus=5B14114953 motor=11 range_min=2148 range_max=2148)
[2026-07-28T18:09:50Z INFO  inferences::formats::normvla] Skip: invalid_range (bus=5B14114953 motor=11 range_min=2148 range_max=2148)
[2026-07-28T18:09:50Z INFO  inferences::formats::normvla] Skip: invalid_range (bus=5B14114953 motor=11 range_min=2148 range_max=2148)
[2026-07-28T18:09:50Z INFO  inferences::formats::normvla] Skip: invalid_range (bus=5B14114953 motor=11 range_min=2148 range_max=2148)
[2026-07-28T18:09:50Z INFO  inferences::formats::normvla] Skip: invalid_range (bus=5B14114953 motor=11 range_min=2148 range_max=2148)
[2026-07-28T18:09:50Z INFO  inferences::formats::normvla] Skip: invalid_range (bus=5B14114953 motor=11 range_min=2148 range_max=2148)
[2026-07-28T18:09:50Z INFO  inferences::formats::normvla] Skip: invalid_range (bus=5B14114953 motor=11 range_min=2148 range_max=2148)
[2026-07-28T18:09:50Z INFO  inferences::formats::normvla] Skip: invalid_range (bus=5B14114953 motor=11 range_min=2148 range_max=2148)
[2026-07-28T18:09:50Z INFO  inferences::formats::normvla] Skip: invalid_range (bus=5B14114953 motor=11 range_min=2148 range_max=2148)
[2026-07-28T18:09:50Z INFO  inferences::formats::normvla] Skip: invalid_range (bus=5B14114953 motor=11 range_min=2148 range_max=2148)
[2026-07-28T18:09:51Z INFO  inferences::formats::normvla] Skip: invalid_range (bus=5B14114953 motor=11 range_min=2148 range_max=2148)
[2026-07-28T18:09:51Z INFO  inferences::formats::normvla] Skip: invalid_range (bus=5B14114953 motor=11 range_min=2148 range_max=2148)
[2026-07-28T18:09:51Z INFO  inferences::formats::normvla] Skip: invalid_range (bus=5B14114953 motor=11 range_min=2148 range_max=2148)
[2026-07-28T18:09:51Z INFO  inferences::formats::normvla] Skip: invalid_range (bus=5B14114953 motor=11 range_min=2148 range_max=2148)
[2026-07-28T18:09:51Z INFO  st3215::state] update_calibration_progress called: bus='5B14114953', status=InProgress, step=7/14
[2026-07-28T18:09:51Z INFO  st3215::state] InferenceState has 1 buses, looking for '5B14114953'
[2026-07-28T18:09:51Z INFO  st3215::state] Updating auto_calibration for bus '5B14114953': status=InProgress, step=7/14, phase='LF_UPPER_M12_MAX: Acquire moving-current baseline'
[2026-07-28T18:09:51Z INFO  st3215::port] Processing ST3215 Write command - Motor: 12, Address: 0x2A, Value: b"@\x08"
[2026-07-28T18:09:51Z INFO  st3215::port] ST3215 Write command completed - Motor: 12, Response: Write { source_bytes: b"\xff\xff\x0c\x02\0\xf1" }
[2026-07-28T18:09:51Z INFO  inferences::formats::normvla] Skip: invalid_range (bus=5B14114953 motor=11 range_min=2148 range_max=2148)
[2026-07-28T18:09:51Z INFO  inferences::formats::normvla] Skip: invalid_range (bus=5B14114953 motor=11 range_min=2148 range_max=2148)
[2026-07-28T18:09:51Z INFO  inferences::formats::normvla] Skip: invalid_range (bus=5B14114953 motor=11 range_min=2148 range_max=2148)
[2026-07-28T18:09:51Z INFO  inferences::formats::normvla] Skip: invalid_range (bus=5B14114953 motor=11 range_min=2148 range_max=2148)
[2026-07-28T18:09:51Z INFO  inferences::formats::normvla] Skip: invalid_range (bus=5B14114953 motor=11 range_min=2148 range_max=2148)
[2026-07-28T18:09:51Z INFO  inferences::formats::normvla] Skip: invalid_range (bus=5B14114953 motor=11 range_min=2148 range_max=2148)
[2026-07-28T18:09:52Z INFO  inferences::formats::normvla] Skip: invalid_range (bus=5B14114953 motor=11 range_min=2148 range_max=2148)
[2026-07-28T18:09:52Z INFO  st3215::port] Processing ST3215 Write command - Motor: 12, Address: 0x2A, Value: b"\0\x08"
[2026-07-28T18:09:52Z INFO  st3215::port] ST3215 Write command completed - Motor: 12, Response: Write { source_bytes: b"\xff\xff\x0c\x02\0\xf1" }
[2026-07-28T18:09:52Z INFO  st3215::auto_calibrate::matdog] MATDOG LF_UPPER_M12_MAX move plan: M12 start=2103 target=2048 distance=55 timeout_ms=12000
[2026-07-28T18:09:52Z INFO  inferences::formats::normvla] Frame stats (last 100 frames): processed=0, skipped=100 (100.0%), reasons: bus_ahead=0, bus_diff=0, motor_error=0, video_ahead=0, video_diff=0, no_images=1, no_torque=0, invalid_range=51, no_bus=47; max_diffs: bus=17ms, video=0ms
[2026-07-28T18:09:52Z INFO  inferences::formats::normvla] Skip: invalid_range (bus=5B14114953 motor=11 range_min=2148 range_max=2148)
[2026-07-28T18:09:52Z INFO  inferences::formats::normvla] Skip: invalid_range (bus=5B14114953 motor=11 range_min=2148 range_max=2148)
[2026-07-28T18:09:52Z INFO  inferences::formats::normvla] Skip: invalid_range (bus=5B14114953 motor=11 range_min=2148 range_max=2148)
[2026-07-28T18:09:52Z INFO  inferences::formats::normvla] Skip: invalid_range (bus=5B14114953 motor=11 range_min=2148 range_max=2148)
[2026-07-28T18:09:52Z INFO  inferences::formats::normvla] Skip: invalid_range (bus=5B14114953 motor=11 range_min=2148 range_max=2148)
[2026-07-28T18:09:52Z INFO  inferences::formats::normvla] Skip: invalid_range (bus=5B14114953 motor=11 range_min=2148 range_max=2148)
[2026-07-28T18:09:52Z INFO  inferences::formats::normvla] Skip: invalid_range (bus=5B14114953 motor=11 range_min=2148 range_max=2148)
[2026-07-28T18:09:52Z INFO  st3215::state] update_calibration_progress called: bus='5B14114953', status=InProgress, step=8/14
[2026-07-28T18:09:52Z INFO  st3215::state] InferenceState has 1 buses, looking for '5B14114953'
[2026-07-28T18:09:52Z INFO  st3215::state] Updating auto_calibration for bus '5B14114953': status=InProgress, step=8/14, phase='LF_UPPER_M12_MAX: Coarse approach'
[2026-07-28T18:09:52Z INFO  st3215::port] Processing ST3215 Write command - Motor: 12, Address: 0x2A, Value: b")\x08"
[2026-07-28T18:09:52Z INFO  st3215::port] ST3215 Write command completed - Motor: 12, Response: Write { source_bytes: b"\xff\xff\x0c\x02\0\xf1" }
[2026-07-28T18:09:52Z INFO  inferences::formats::normvla] Skip: invalid_range (bus=5B14114953 motor=11 range_min=2148 range_max=2148)
[2026-07-28T18:09:52Z INFO  inferences::formats::normvla] Skip: invalid_range (bus=5B14114953 motor=11 range_min=2148 range_max=2148)
[2026-07-28T18:09:53Z INFO  inferences::formats::normvla] Skip: invalid_range (bus=5B14114953 motor=11 range_min=2148 range_max=2148)
[2026-07-28T18:09:53Z INFO  inferences::formats::normvla] Skip: invalid_range (bus=5B14114953 motor=11 range_min=2148 range_max=2148)
[2026-07-28T18:09:53Z INFO  inferences::formats::normvla] Skip: invalid_range (bus=5B14114953 motor=11 range_min=2148 range_max=2148)
[2026-07-28T18:09:53Z INFO  st3215::port] Processing ST3215 Write command - Motor: 12, Address: 0x2A, Value: b"I\x08"
[2026-07-28T18:09:53Z INFO  st3215::port] ST3215 Write command completed - Motor: 12, Response: Write { source_bytes: b"\xff\xff\x0c\x02\0\xf1" }
[2026-07-28T18:09:53Z INFO  inferences::formats::normvla] Skip: invalid_range (bus=5B14114953 motor=11 range_min=2148 range_max=2148)
[2026-07-28T18:09:53Z INFO  inferences::formats::normvla] Skip: invalid_range (bus=5B14114953 motor=11 range_min=2148 range_max=2148)
[2026-07-28T18:09:53Z INFO  inferences::formats::normvla] Skip: invalid_range (bus=5B14114953 motor=11 range_min=2148 range_max=2148)
[2026-07-28T18:09:53Z INFO  inferences::formats::normvla] Skip: invalid_range (bus=5B14114953 motor=11 range_min=2148 range_max=2148)
[2026-07-28T18:09:53Z INFO  st3215::port] Processing ST3215 Write command - Motor: 12, Address: 0x2A, Value: b"i\x08"
[2026-07-28T18:09:53Z INFO  st3215::port] ST3215 Write command completed - Motor: 12, Response: Write { source_bytes: b"\xff\xff\x0c\x02\0\xf1" }
[2026-07-28T18:09:53Z INFO  inferences::formats::normvla] Skip: invalid_range (bus=5B14114953 motor=11 range_min=2148 range_max=2148)
[2026-07-28T18:09:53Z INFO  inferences::formats::normvla] Skip: invalid_range (bus=5B14114953 motor=11 range_min=2148 range_max=2148)
[2026-07-28T18:09:53Z INFO  inferences::formats::normvla] Skip: invalid_range (bus=5B14114953 motor=11 range_min=2148 range_max=2148)
[2026-07-28T18:09:54Z INFO  inferences::formats::normvla] Skip: invalid_range (bus=5B14114953 motor=11 range_min=2148 range_max=2148)
[2026-07-28T18:09:54Z INFO  st3215::port] Processing ST3215 Write command - Motor: 12, Address: 0x2A, Value: b"\x89\x08"
[2026-07-28T18:09:54Z INFO  st3215::port] ST3215 Write command completed - Motor: 12, Response: Write { source_bytes: b"\xff\xff\x0c\x02\0\xf1" }
[2026-07-28T18:09:54Z INFO  inferences::formats::normvla] Skip: invalid_range (bus=5B14114953 motor=11 range_min=2148 range_max=2148)
[2026-07-28T18:09:54Z INFO  inferences::formats::normvla] Skip: invalid_range (bus=5B14114953 motor=11 range_min=2148 range_max=2148)
[2026-07-28T18:09:54Z INFO  inferences::formats::normvla] Skip: invalid_range (bus=5B14114953 motor=11 range_min=2148 range_max=2148)
[2026-07-28T18:09:54Z INFO  inferences::formats::normvla] Skip: invalid_range (bus=5B14114953 motor=11 range_min=2148 range_max=2148)
[2026-07-28T18:09:54Z INFO  st3215::port] Processing ST3215 Write command - Motor: 12, Address: 0x2A, Value: b"\xa9\x08"
[2026-07-28T18:09:54Z INFO  st3215::port] ST3215 Write command completed - Motor: 12, Response: Write { source_bytes: b"\xff\xff\x0c\x02\0\xf1" }
[2026-07-28T18:09:54Z INFO  inferences::formats::normvla] Skip: invalid_range (bus=5B14114953 motor=11 range_min=2148 range_max=2148)
[2026-07-28T18:09:54Z INFO  inferences::formats::normvla] Skip: invalid_range (bus=5B14114953 motor=11 range_min=2148 range_max=2148)
[2026-07-28T18:09:54Z INFO  inferences::formats::normvla] Skip: invalid_range (bus=5B14114953 motor=11 range_min=2148 range_max=2148)
[2026-07-28T18:09:54Z INFO  inferences::formats::normvla] Skip: invalid_range (bus=5B14114953 motor=11 range_min=2148 range_max=2148)
[2026-07-28T18:09:54Z INFO  st3215::port] Processing ST3215 Write command - Motor: 12, Address: 0x2A, Value: b"\xc9\x08"
[2026-07-28T18:09:54Z INFO  st3215::port] ST3215 Write command completed - Motor: 12, Response: Write { source_bytes: b"\xff\xff\x0c\x02\0\xf1" }
[2026-07-28T18:09:54Z INFO  inferences::formats::normvla] Skip: invalid_range (bus=5B14114953 motor=11 range_min=2148 range_max=2148)
[2026-07-28T18:09:55Z INFO  inferences::formats::normvla] Skip: invalid_range (bus=5B14114953 motor=11 range_min=2148 range_max=2148)
[2026-07-28T18:09:55Z INFO  inferences::formats::normvla] Skip: invalid_range (bus=5B14114953 motor=11 range_min=2148 range_max=2148)
[2026-07-28T18:09:55Z INFO  inferences::formats::normvla] Skip: invalid_range (bus=5B14114953 motor=11 range_min=2148 range_max=2148)
[2026-07-28T18:09:55Z INFO  st3215::port] Processing ST3215 Write command - Motor: 12, Address: 0x2A, Value: b"\xe9\x08"
[2026-07-28T18:09:55Z INFO  st3215::port] ST3215 Write command completed - Motor: 12, Response: Write { source_bytes: b"\xff\xff\x0c\x02\0\xf1" }
[2026-07-28T18:09:55Z INFO  inferences::formats::normvla] Skip: invalid_range (bus=5B14114953 motor=11 range_min=2148 range_max=2148)
[2026-07-28T18:09:55Z INFO  inferences::formats::normvla] Skip: invalid_range (bus=5B14114953 motor=11 range_min=2148 range_max=2148)
[2026-07-28T18:09:55Z INFO  inferences::formats::normvla] Skip: invalid_range (bus=5B14114953 motor=11 range_min=2148 range_max=2148)
[2026-07-28T18:09:55Z INFO  inferences::formats::normvla] Skip: invalid_range (bus=5B14114953 motor=11 range_min=2148 range_max=2148)
[2026-07-28T18:09:55Z INFO  st3215::port] Processing ST3215 Write command - Motor: 12, Address: 0x2A, Value: b"\t\t"
[2026-07-28T18:09:55Z INFO  st3215::port] ST3215 Write command completed - Motor: 12, Response: Write { source_bytes: b"\xff\xff\x0c\x02\0\xf1" }
[2026-07-28T18:09:55Z INFO  inferences::formats::normvla] Skip: invalid_range (bus=5B14114953 motor=11 range_min=2148 range_max=2148)
[2026-07-28T18:09:55Z INFO  inferences::formats::normvla] Skip: invalid_range (bus=5B14114953 motor=11 range_min=2148 range_max=2148)
[2026-07-28T18:09:55Z INFO  inferences::formats::normvla] Skip: invalid_range (bus=5B14114953 motor=11 range_min=2148 range_max=2148)
[2026-07-28T18:09:56Z INFO  inferences::formats::normvla] Skip: invalid_range (bus=5B14114953 motor=11 range_min=2148 range_max=2148)
[2026-07-28T18:09:56Z INFO  st3215::port] Processing ST3215 Write command - Motor: 12, Address: 0x2A, Value: b")\t"
[2026-07-28T18:09:56Z INFO  st3215::port] ST3215 Write command completed - Motor: 12, Response: Write { source_bytes: b"\xff\xff\x0c\x02\0\xf1" }
[2026-07-28T18:09:56Z INFO  inferences::formats::normvla] Skip: invalid_range (bus=5B14114953 motor=11 range_min=2148 range_max=2148)
[2026-07-28T18:09:56Z INFO  inferences::formats::normvla] Skip: invalid_range (bus=5B14114953 motor=11 range_min=2148 range_max=2148)
[2026-07-28T18:09:56Z INFO  inferences::formats::normvla] Skip: invalid_range (bus=5B14114953 motor=11 range_min=2148 range_max=2148)
[2026-07-28T18:09:56Z INFO  inferences::formats::normvla] Skip: invalid_range (bus=5B14114953 motor=11 range_min=2148 range_max=2148)
[2026-07-28T18:09:56Z INFO  inferences::formats::normvla] Skip: invalid_range (bus=5B14114953 motor=11 range_min=2148 range_max=2148)
[2026-07-28T18:09:56Z INFO  st3215::port] Processing ST3215 Write command - Motor: 12, Address: 0x2A, Value: b"I\t"
[2026-07-28T18:09:56Z INFO  st3215::port] ST3215 Write command completed - Motor: 12, Response: Write { source_bytes: b"\xff\xff\x0c\x02\0\xf1" }
[2026-07-28T18:09:56Z INFO  inferences::formats::normvla] Skip: invalid_range (bus=5B14114953 motor=11 range_min=2148 range_max=2148)
[2026-07-28T18:09:56Z INFO  inferences::formats::normvla] Skip: invalid_range (bus=5B14114953 motor=11 range_min=2148 range_max=2148)
[2026-07-28T18:09:56Z INFO  inferences::formats::normvla] Skip: invalid_range (bus=5B14114953 motor=11 range_min=2148 range_max=2148)
[2026-07-28T18:09:56Z INFO  inferences::formats::normvla] Skip: invalid_range (bus=5B14114953 motor=11 range_min=2148 range_max=2148)
[2026-07-28T18:09:56Z INFO  st3215::port] Processing ST3215 Write command - Motor: 12, Address: 0x2A, Value: b"i\t"
[2026-07-28T18:09:56Z INFO  st3215::port] ST3215 Write command completed - Motor: 12, Response: Write { source_bytes: b"\xff\xff\x0c\x02\0\xf1" }
[2026-07-28T18:09:57Z INFO  inferences::formats::normvla] Skip: invalid_range (bus=5B14114953 motor=11 range_min=2148 range_max=2148)
[2026-07-28T18:09:57Z INFO  inferences::formats::normvla] Skip: invalid_range (bus=5B14114953 motor=11 range_min=2148 range_max=2148)
[2026-07-28T18:09:57Z INFO  inferences::formats::normvla] Skip: invalid_range (bus=5B14114953 motor=11 range_min=2148 range_max=2148)
[2026-07-28T18:09:57Z INFO  inferences::formats::normvla] Skip: invalid_range (bus=5B14114953 motor=11 range_min=2148 range_max=2148)
[2026-07-28T18:09:57Z INFO  st3215::port] Processing ST3215 Write command - Motor: 12, Address: 0x2A, Value: b"\x89\t"
[2026-07-28T18:09:57Z INFO  st3215::port] ST3215 Write command completed - Motor: 12, Response: Write { source_bytes: b"\xff\xff\x0c\x02\0\xf1" }
[2026-07-28T18:09:57Z INFO  inferences::formats::normvla] Skip: invalid_range (bus=5B14114953 motor=11 range_min=2148 range_max=2148)
[2026-07-28T18:09:57Z INFO  inferences::formats::normvla] Skip: invalid_range (bus=5B14114953 motor=11 range_min=2148 range_max=2148)
[2026-07-28T18:09:57Z INFO  inferences::formats::normvla] Skip: invalid_range (bus=5B14114953 motor=11 range_min=2148 range_max=2148)
[2026-07-28T18:09:57Z INFO  inferences::formats::normvla] Skip: invalid_range (bus=5B14114953 motor=11 range_min=2148 range_max=2148)
[2026-07-28T18:09:57Z INFO  st3215::port] Processing ST3215 Write command - Motor: 12, Address: 0x2A, Value: b"\xa9\t"
[2026-07-28T18:09:57Z INFO  st3215::port] ST3215 Write command completed - Motor: 12, Response: Write { source_bytes: b"\xff\xff\x0c\x02\0\xf1" }
[2026-07-28T18:09:57Z INFO  inferences::formats::normvla] Skip: invalid_range (bus=5B14114953 motor=11 range_min=2148 range_max=2148)
[2026-07-28T18:09:57Z INFO  inferences::formats::normvla] Skip: invalid_range (bus=5B14114953 motor=11 range_min=2148 range_max=2148)
[2026-07-28T18:09:58Z INFO  inferences::formats::normvla] Skip: invalid_range (bus=5B14114953 motor=11 range_min=2148 range_max=2148)
[2026-07-28T18:09:58Z INFO  inferences::formats::normvla] Skip: invalid_range (bus=5B14114953 motor=11 range_min=2148 range_max=2148)
[2026-07-28T18:09:58Z INFO  inferences::formats::normvla] Skip: invalid_range (bus=5B14114953 motor=11 range_min=2148 range_max=2148)
[2026-07-28T18:09:58Z INFO  st3215::port] Processing ST3215 Write command - Motor: 12, Address: 0x2A, Value: b"\xc9\t"
[2026-07-28T18:09:58Z INFO  st3215::port] ST3215 Write command completed - Motor: 12, Response: Write { source_bytes: b"\xff\xff\x0c\x02\0\xf1" }
[2026-07-28T18:09:58Z INFO  inferences::formats::normvla] Skip: invalid_range (bus=5B14114953 motor=11 range_min=2148 range_max=2148)
[2026-07-28T18:09:58Z INFO  inferences::formats::normvla] Skip: invalid_range (bus=5B14114953 motor=11 range_min=2148 range_max=2148)
[2026-07-28T18:09:58Z INFO  inferences::formats::normvla] Skip: invalid_range (bus=5B14114953 motor=11 range_min=2148 range_max=2148)
[2026-07-28T18:09:58Z INFO  inferences::formats::normvla] Skip: invalid_range (bus=5B14114953 motor=11 range_min=2148 range_max=2148)
[2026-07-28T18:09:58Z INFO  st3215::port] Processing ST3215 Write command - Motor: 12, Address: 0x2A, Value: b"\xe9\t"
[2026-07-28T18:09:58Z INFO  st3215::port] ST3215 Write command completed - Motor: 12, Response: Write { source_bytes: b"\xff\xff\x0c\x02\0\xf1" }
[2026-07-28T18:09:58Z INFO  inferences::formats::normvla] Skip: invalid_range (bus=5B14114953 motor=11 range_min=2148 range_max=2148)
[2026-07-28T18:09:58Z INFO  inferences::formats::normvla] Skip: invalid_range (bus=5B14114953 motor=11 range_min=2148 range_max=2148)
[2026-07-28T18:09:58Z INFO  inferences::formats::normvla] Skip: invalid_range (bus=5B14114953 motor=11 range_min=2148 range_max=2148)
[2026-07-28T18:09:59Z INFO  inferences::formats::normvla] Skip: invalid_range (bus=5B14114953 motor=11 range_min=2148 range_max=2148)
[2026-07-28T18:09:59Z INFO  st3215::port] Processing ST3215 Write command - Motor: 12, Address: 0x2A, Value: b"\t\n"
[2026-07-28T18:09:59Z INFO  st3215::port] ST3215 Write command completed - Motor: 12, Response: Write { source_bytes: b"\xff\xff\x0c\x02\0\xf1" }
[2026-07-28T18:09:59Z INFO  inferences::formats::normvla] Skip: invalid_range (bus=5B14114953 motor=11 range_min=2148 range_max=2148)
[2026-07-28T18:09:59Z INFO  inferences::formats::normvla] Skip: invalid_range (bus=5B14114953 motor=11 range_min=2148 range_max=2148)
[2026-07-28T18:09:59Z INFO  inferences::formats::normvla] Skip: invalid_range (bus=5B14114953 motor=11 range_min=2148 range_max=2148)
[2026-07-28T18:09:59Z INFO  inferences::formats::normvla] Skip: invalid_range (bus=5B14114953 motor=11 range_min=2148 range_max=2148)
[2026-07-28T18:09:59Z INFO  st3215::port] Processing ST3215 Write command - Motor: 12, Address: 0x2A, Value: b")\n"
[2026-07-28T18:09:59Z INFO  st3215::port] ST3215 Write command completed - Motor: 12, Response: Write { source_bytes: b"\xff\xff\x0c\x02\0\xf1" }
[2026-07-28T18:09:59Z INFO  inferences::formats::normvla] Skip: invalid_range (bus=5B14114953 motor=11 range_min=2148 range_max=2148)
[2026-07-28T18:09:59Z INFO  inferences::formats::normvla] Skip: invalid_range (bus=5B14114953 motor=11 range_min=2148 range_max=2148)
[2026-07-28T18:09:59Z INFO  inferences::formats::normvla] Skip: invalid_range (bus=5B14114953 motor=11 range_min=2148 range_max=2148)
[2026-07-28T18:09:59Z INFO  inferences::formats::normvla] Skip: invalid_range (bus=5B14114953 motor=11 range_min=2148 range_max=2148)
[2026-07-28T18:09:59Z INFO  st3215::port] Processing ST3215 Write command - Motor: 12, Address: 0x2A, Value: b"I\n"
[2026-07-28T18:09:59Z INFO  st3215::port] ST3215 Write command completed - Motor: 12, Response: Write { source_bytes: b"\xff\xff\x0c\x02\0\xf1" }
[2026-07-28T18:09:59Z INFO  inferences::formats::normvla] Skip: invalid_range (bus=5B14114953 motor=11 range_min=2148 range_max=2148)
[2026-07-28T18:10:00Z INFO  inferences::formats::normvla] Skip: invalid_range (bus=5B14114953 motor=11 range_min=2148 range_max=2148)
[2026-07-28T18:10:00Z INFO  inferences::formats::normvla] Skip: invalid_range (bus=5B14114953 motor=11 range_min=2148 range_max=2148)
[2026-07-28T18:10:00Z INFO  inferences::formats::normvla] Skip: invalid_range (bus=5B14114953 motor=11 range_min=2148 range_max=2148)
[2026-07-28T18:10:00Z INFO  inferences::formats::normvla] Skip: invalid_range (bus=5B14114953 motor=11 range_min=2148 range_max=2148)
[2026-07-28T18:10:00Z INFO  st3215::port] Processing ST3215 Write command - Motor: 12, Address: 0x2A, Value: b"i\n"
[2026-07-28T18:10:00Z INFO  st3215::port] ST3215 Write command completed - Motor: 12, Response: Write { source_bytes: b"\xff\xff\x0c\x02\0\xf1" }
[2026-07-28T18:10:00Z INFO  inferences::formats::normvla] Skip: invalid_range (bus=5B14114953 motor=11 range_min=2148 range_max=2148)
[2026-07-28T18:10:00Z INFO  inferences::formats::normvla] Skip: invalid_range (bus=5B14114953 motor=11 range_min=2148 range_max=2148)
[2026-07-28T18:10:00Z INFO  inferences::formats::normvla] Skip: invalid_range (bus=5B14114953 motor=11 range_min=2148 range_max=2148)
[2026-07-28T18:10:00Z INFO  inferences::formats::normvla] Skip: invalid_range (bus=5B14114953 motor=11 range_min=2148 range_max=2148)
[2026-07-28T18:10:00Z INFO  st3215::port] Processing ST3215 Write command - Motor: 12, Address: 0x2A, Value: b"\x89\n"
[2026-07-28T18:10:00Z INFO  st3215::port] ST3215 Write command completed - Motor: 12, Response: Write { source_bytes: b"\xff\xff\x0c\x02\0\xf1" }
[2026-07-28T18:10:00Z INFO  inferences::formats::normvla] Skip: invalid_range (bus=5B14114953 motor=11 range_min=2148 range_max=2148)
[2026-07-28T18:10:00Z INFO  inferences::formats::normvla] Skip: invalid_range (bus=5B14114953 motor=11 range_min=2148 range_max=2148)
[2026-07-28T18:10:01Z INFO  inferences::formats::normvla] Skip: invalid_range (bus=5B14114953 motor=11 range_min=2148 range_max=2148)
[2026-07-28T18:10:01Z INFO  inferences::formats::normvla] Skip: invalid_range (bus=5B14114953 motor=11 range_min=2148 range_max=2148)
[2026-07-28T18:10:01Z INFO  st3215::port] Processing ST3215 Write command - Motor: 12, Address: 0x2A, Value: b"\xa9\n"
[2026-07-28T18:10:01Z INFO  st3215::port] ST3215 Write command completed - Motor: 12, Response: Write { source_bytes: b"\xff\xff\x0c\x02\0\xf1" }
[2026-07-28T18:10:01Z INFO  inferences::formats::normvla] Skip: invalid_range (bus=5B14114953 motor=11 range_min=2148 range_max=2148)
[2026-07-28T18:10:01Z INFO  inferences::formats::normvla] Skip: invalid_range (bus=5B14114953 motor=11 range_min=2148 range_max=2148)
[2026-07-28T18:10:01Z INFO  inferences::formats::normvla] Skip: invalid_range (bus=5B14114953 motor=11 range_min=2148 range_max=2148)
[2026-07-28T18:10:01Z INFO  inferences::formats::normvla] Skip: invalid_range (bus=5B14114953 motor=11 range_min=2148 range_max=2148)
[2026-07-28T18:10:01Z INFO  st3215::port] Processing ST3215 Write command - Motor: 12, Address: 0x2A, Value: b"\xc9\n"
[2026-07-28T18:10:01Z INFO  st3215::port] ST3215 Write command completed - Motor: 12, Response: Write { source_bytes: b"\xff\xff\x0c\x02\0\xf1" }
[2026-07-28T18:10:01Z INFO  inferences::formats::normvla] Skip: invalid_range (bus=5B14114953 motor=11 range_min=2148 range_max=2148)
[2026-07-28T18:10:01Z INFO  inferences::formats::normvla] Skip: invalid_range (bus=5B14114953 motor=11 range_min=2148 range_max=2148)
[2026-07-28T18:10:01Z INFO  inferences::formats::normvla] Skip: invalid_range (bus=5B14114953 motor=11 range_min=2148 range_max=2148)
[2026-07-28T18:10:01Z INFO  inferences::formats::normvla] Skip: invalid_range (bus=5B14114953 motor=11 range_min=2148 range_max=2148)
[2026-07-28T18:10:02Z INFO  inferences::formats::normvla] Skip: invalid_range (bus=5B14114953 motor=11 range_min=2148 range_max=2148)
[2026-07-28T18:10:02Z INFO  st3215::port] Processing ST3215 Write command - Motor: 12, Address: 0x2A, Value: b"\xe9\n"
[2026-07-28T18:10:02Z INFO  st3215::port] ST3215 Write command completed - Motor: 12, Response: Write { source_bytes: b"\xff\xff\x0c\x02\0\xf1" }
[2026-07-28T18:10:02Z INFO  inferences::formats::normvla] Frame stats (last 100 frames): processed=0, skipped=100 (100.0%), reasons: bus_ahead=0, bus_diff=0, motor_error=0, video_ahead=0, video_diff=0, no_images=0, no_torque=0, invalid_range=100, no_bus=0; max_diffs: bus=14ms, video=0ms
[2026-07-28T18:10:02Z INFO  inferences::formats::normvla] Skip: invalid_range (bus=5B14114953 motor=11 range_min=2148 range_max=2148)
[2026-07-28T18:10:02Z INFO  inferences::formats::normvla] Skip: invalid_range (bus=5B14114953 motor=11 range_min=2148 range_max=2148)
[2026-07-28T18:10:02Z INFO  inferences::formats::normvla] Skip: invalid_range (bus=5B14114953 motor=11 range_min=2148 range_max=2148)
[2026-07-28T18:10:02Z INFO  inferences::formats::normvla] Skip: invalid_range (bus=5B14114953 motor=11 range_min=2148 range_max=2148)
[2026-07-28T18:10:02Z INFO  st3215::port] Processing ST3215 Write command - Motor: 12, Address: 0x2A, Value: b"\t\x0b"
[2026-07-28T18:10:02Z INFO  st3215::port] ST3215 Write command completed - Motor: 12, Response: Write { source_bytes: b"\xff\xff\x0c\x02\0\xf1" }
[2026-07-28T18:10:02Z INFO  inferences::formats::normvla] Skip: invalid_range (bus=5B14114953 motor=11 range_min=2148 range_max=2148)
[2026-07-28T18:10:02Z INFO  inferences::formats::normvla] Skip: invalid_range (bus=5B14114953 motor=13 range_min=1549 range_max=1549)
[2026-07-28T18:10:02Z INFO  inferences::formats::normvla] Skip: invalid_range (bus=5B14114953 motor=13 range_min=1549 range_max=1549)
[2026-07-28T18:10:02Z INFO  inferences::formats::normvla] Skip: invalid_range (bus=5B14114953 motor=13 range_min=1549 range_max=1549)
[2026-07-28T18:10:02Z INFO  st3215::port] Processing ST3215 Write command - Motor: 12, Address: 0x2A, Value: b")\x0b"
[2026-07-28T18:10:02Z INFO  st3215::port] ST3215 Write command completed - Motor: 12, Response: Write { source_bytes: b"\xff\xff\x0c\x02\0\xf1" }
[2026-07-28T18:10:02Z INFO  inferences::formats::normvla] Skip: invalid_range (bus=5B14114953 motor=13 range_min=1549 range_max=1549)
[2026-07-28T18:10:03Z INFO  inferences::formats::normvla] Skip: invalid_range (bus=5B14114953 motor=13 range_min=1549 range_max=1549)
[2026-07-28T18:10:03Z INFO  inferences::formats::normvla] Skip: invalid_range (bus=5B14114953 motor=13 range_min=1549 range_max=1549)
[2026-07-28T18:10:03Z INFO  inferences::formats::normvla] Skip: invalid_range (bus=5B14114953 motor=13 range_min=1549 range_max=1549)
[2026-07-28T18:10:03Z INFO  inferences::formats::normvla] Skip: invalid_range (bus=5B14114953 motor=13 range_min=1549 range_max=1549)
[2026-07-28T18:10:03Z INFO  st3215::port] Processing ST3215 Write command - Motor: 12, Address: 0x2A, Value: b"I\x0b"
[2026-07-28T18:10:03Z INFO  st3215::port] ST3215 Write command completed - Motor: 12, Response: Write { source_bytes: b"\xff\xff\x0c\x02\0\xf1" }
[2026-07-28T18:10:03Z INFO  inferences::formats::normvla] Skip: invalid_range (bus=5B14114953 motor=13 range_min=1549 range_max=1549)
[2026-07-28T18:10:03Z INFO  inferences::formats::normvla] Skip: invalid_range (bus=5B14114953 motor=13 range_min=1549 range_max=1549)
[2026-07-28T18:10:03Z INFO  inferences::formats::normvla] Skip: invalid_range (bus=5B14114953 motor=13 range_min=1549 range_max=1549)
[2026-07-28T18:10:03Z INFO  inferences::formats::normvla] Skip: invalid_range (bus=5B14114953 motor=13 range_min=1549 range_max=1549)
[2026-07-28T18:10:03Z INFO  st3215::port] Processing ST3215 Write command - Motor: 12, Address: 0x2A, Value: b"i\x0b"
[2026-07-28T18:10:03Z INFO  st3215::port] ST3215 Write command completed - Motor: 12, Response: Write { source_bytes: b"\xff\xff\x0c\x02\0\xf1" }
[2026-07-28T18:10:03Z INFO  inferences::formats::normvla] Skip: invalid_range (bus=5B14114953 motor=13 range_min=1549 range_max=1549)
[2026-07-28T18:10:03Z INFO  inferences::formats::normvla] Skip: invalid_range (bus=5B14114953 motor=13 range_min=1549 range_max=1549)
[2026-07-28T18:10:04Z INFO  inferences::formats::normvla] Skip: invalid_range (bus=5B14114953 motor=13 range_min=1549 range_max=1549)
[2026-07-28T18:10:04Z INFO  inferences::formats::normvla] Skip: invalid_range (bus=5B14114953 motor=13 range_min=1549 range_max=1549)
[2026-07-28T18:10:04Z INFO  st3215::port] Processing ST3215 Write command - Motor: 12, Address: 0x2A, Value: b"\x89\x0b"
[2026-07-28T18:10:04Z INFO  st3215::port] ST3215 Write command completed - Motor: 12, Response: Write { source_bytes: b"\xff\xff\x0c\x02\0\xf1" }
[2026-07-28T18:10:04Z INFO  inferences::formats::normvla] Skip: invalid_range (bus=5B14114953 motor=13 range_min=1549 range_max=1549)
[2026-07-28T18:10:04Z INFO  inferences::formats::normvla] Skip: invalid_range (bus=5B14114953 motor=13 range_min=1549 range_max=1549)
[2026-07-28T18:10:04Z INFO  inferences::formats::normvla] Skip: invalid_range (bus=5B14114953 motor=13 range_min=1549 range_max=1549)
[2026-07-28T18:10:04Z INFO  inferences::formats::normvla] Skip: invalid_range (bus=5B14114953 motor=13 range_min=1549 range_max=1549)
[2026-07-28T18:10:04Z INFO  inferences::formats::normvla] Skip: invalid_range (bus=5B14114953 motor=13 range_min=1549 range_max=1549)
[2026-07-28T18:10:04Z INFO  st3215::port] Processing ST3215 Write command - Motor: 12, Address: 0x2A, Value: b"\xa9\x0b"
[2026-07-28T18:10:04Z INFO  st3215::port] ST3215 Write command completed - Motor: 12, Response: Write { source_bytes: b"\xff\xff\x0c\x02\0\xf1" }
[2026-07-28T18:10:04Z INFO  inferences::formats::normvla] Skip: invalid_range (bus=5B14114953 motor=13 range_min=1549 range_max=1549)
[2026-07-28T18:10:04Z INFO  inferences::formats::normvla] Skip: invalid_range (bus=5B14114953 motor=13 range_min=1549 range_max=1549)
[2026-07-28T18:10:04Z INFO  inferences::formats::normvla] Skip: invalid_range (bus=5B14114953 motor=13 range_min=1549 range_max=1549)
[2026-07-28T18:10:05Z INFO  inferences::formats::normvla] Skip: invalid_range (bus=5B14114953 motor=13 range_min=1549 range_max=1549)
[2026-07-28T18:10:05Z INFO  st3215::port] Processing ST3215 Write command - Motor: 12, Address: 0x2A, Value: b"\xc9\x0b"
[2026-07-28T18:10:05Z INFO  st3215::port] ST3215 Write command completed - Motor: 12, Response: Write { source_bytes: b"\xff\xff\x0c\x02\0\xf1" }
[2026-07-28T18:10:05Z INFO  inferences::formats::normvla] Skip: invalid_range (bus=5B14114953 motor=13 range_min=1549 range_max=1549)
[2026-07-28T18:10:05Z INFO  inferences::formats::normvla] Skip: invalid_range (bus=5B14114953 motor=13 range_min=1549 range_max=1549)
[2026-07-28T18:10:05Z INFO  inferences::formats::normvla] Skip: invalid_range (bus=5B14114953 motor=13 range_min=1549 range_max=1549)
[2026-07-28T18:10:05Z INFO  inferences::formats::normvla] Skip: invalid_range (bus=5B14114953 motor=13 range_min=1549 range_max=1549)
[2026-07-28T18:10:05Z INFO  inferences::formats::normvla] Skip: invalid_range (bus=5B14114953 motor=13 range_min=1549 range_max=1549)
[2026-07-28T18:10:05Z INFO  st3215::port] Processing ST3215 Write command - Motor: 12, Address: 0x2A, Value: b"\xe9\x0b"
[2026-07-28T18:10:05Z INFO  st3215::port] ST3215 Write command completed - Motor: 12, Response: Write { source_bytes: b"\xff\xff\x0c\x02\0\xf1" }
[2026-07-28T18:10:05Z INFO  inferences::formats::normvla] Skip: invalid_range (bus=5B14114953 motor=13 range_min=1549 range_max=1549)
[2026-07-28T18:10:05Z INFO  inferences::formats::normvla] Skip: invalid_range (bus=5B14114953 motor=13 range_min=1549 range_max=1549)
[2026-07-28T18:10:05Z INFO  inferences::formats::normvla] Skip: invalid_range (bus=5B14114953 motor=13 range_min=1549 range_max=1549)
[2026-07-28T18:10:06Z INFO  inferences::formats::normvla] Skip: invalid_range (bus=5B14114953 motor=13 range_min=1549 range_max=1549)
[2026-07-28T18:10:06Z INFO  st3215::port] Processing ST3215 Write command - Motor: 12, Address: 0x2A, Value: b"\t\x0c"
[2026-07-28T18:10:06Z INFO  st3215::port] ST3215 Write command completed - Motor: 12, Response: Write { source_bytes: b"\xff\xff\x0c\x02\0\xf1" }
[2026-07-28T18:10:06Z INFO  inferences::formats::normvla] Skip: invalid_range (bus=5B14114953 motor=13 range_min=1549 range_max=1549)
[2026-07-28T18:10:06Z INFO  inferences::formats::normvla] Skip: invalid_range (bus=5B14114953 motor=13 range_min=1549 range_max=1549)
[2026-07-28T18:10:06Z INFO  inferences::formats::normvla] Skip: invalid_range (bus=5B14114953 motor=13 range_min=1549 range_max=1549)
[2026-07-28T18:10:06Z INFO  inferences::formats::normvla] Skip: invalid_range (bus=5B14114953 motor=13 range_min=1549 range_max=1549)
[2026-07-28T18:10:06Z INFO  inferences::formats::normvla] Skip: invalid_range (bus=5B14114953 motor=13 range_min=1549 range_max=1549)
[2026-07-28T18:10:06Z INFO  st3215::port] Processing ST3215 Write command - Motor: 12, Address: 0x2A, Value: b")\x0c"
[2026-07-28T18:10:06Z INFO  st3215::port] ST3215 Write command completed - Motor: 12, Response: Write { source_bytes: b"\xff\xff\x0c\x02\0\xf1" }
[2026-07-28T18:10:06Z INFO  inferences::formats::normvla] Skip: invalid_range (bus=5B14114953 motor=13 range_min=1549 range_max=1549)
[2026-07-28T18:10:06Z INFO  inferences::formats::normvla] Skip: invalid_range (bus=5B14114953 motor=13 range_min=1549 range_max=1549)
[2026-07-28T18:10:06Z INFO  inferences::formats::normvla] Skip: invalid_range (bus=5B14114953 motor=13 range_min=1549 range_max=1549)
[2026-07-28T18:10:06Z INFO  inferences::formats::normvla] Skip: invalid_range (bus=5B14114953 motor=13 range_min=1549 range_max=1549)
[2026-07-28T18:10:06Z INFO  st3215::port] Processing ST3215 Write command - Motor: 12, Address: 0x2A, Value: b"I\x0c"
[2026-07-28T18:10:06Z INFO  st3215::port] ST3215 Write command completed - Motor: 12, Response: Write { source_bytes: b"\xff\xff\x0c\x02\0\xf1" }
[2026-07-28T18:10:07Z INFO  inferences::formats::normvla] Skip: invalid_range (bus=5B14114953 motor=13 range_min=1549 range_max=1549)
[2026-07-28T18:10:07Z INFO  inferences::formats::normvla] Skip: invalid_range (bus=5B14114953 motor=13 range_min=1549 range_max=1549)
[2026-07-28T18:10:07Z INFO  inferences::formats::normvla] Skip: invalid_range (bus=5B14114953 motor=13 range_min=1549 range_max=1549)
[2026-07-28T18:10:07Z INFO  inferences::formats::normvla] Skip: invalid_range (bus=5B14114953 motor=13 range_min=1549 range_max=1549)
[2026-07-28T18:10:07Z INFO  inferences::formats::normvla] Skip: invalid_range (bus=5B14114953 motor=13 range_min=1549 range_max=1549)
[2026-07-28T18:10:07Z INFO  st3215::port] Processing ST3215 Write command - Motor: 12, Address: 0x2A, Value: b"i\x0c"
[2026-07-28T18:10:07Z INFO  st3215::port] ST3215 Write command completed - Motor: 12, Response: Write { source_bytes: b"\xff\xff\x0c\x02\0\xf1" }
[2026-07-28T18:10:07Z INFO  inferences::formats::normvla] Skip: invalid_range (bus=5B14114953 motor=13 range_min=1549 range_max=1549)
[2026-07-28T18:10:07Z INFO  inferences::formats::normvla] Skip: invalid_range (bus=5B14114953 motor=13 range_min=1549 range_max=1549)
[2026-07-28T18:10:07Z INFO  inferences::formats::normvla] Skip: invalid_range (bus=5B14114953 motor=13 range_min=1549 range_max=1549)
[2026-07-28T18:10:07Z INFO  inferences::formats::normvla] Skip: invalid_range (bus=5B14114953 motor=13 range_min=1549 range_max=1549)
[2026-07-28T18:10:07Z INFO  st3215::port] Processing ST3215 Write command - Motor: 12, Address: 0x2A, Value: b"\x89\x0c"
[2026-07-28T18:10:07Z INFO  st3215::port] ST3215 Write command completed - Motor: 12, Response: Write { source_bytes: b"\xff\xff\x0c\x02\0\xf1" }
[2026-07-28T18:10:07Z INFO  inferences::formats::normvla] Skip: invalid_range (bus=5B14114953 motor=13 range_min=1549 range_max=1549)
[2026-07-28T18:10:08Z INFO  inferences::formats::normvla] Skip: invalid_range (bus=5B14114953 motor=13 range_min=1549 range_max=1549)
[2026-07-28T18:10:08Z INFO  inferences::formats::normvla] Skip: invalid_range (bus=5B14114953 motor=13 range_min=1549 range_max=1549)
[2026-07-28T18:10:08Z INFO  inferences::formats::normvla] Skip: invalid_range (bus=5B14114953 motor=13 range_min=1549 range_max=1549)
[2026-07-28T18:10:08Z INFO  inferences::formats::normvla] Skip: invalid_range (bus=5B14114953 motor=13 range_min=1549 range_max=1549)
[2026-07-28T18:10:08Z INFO  st3215::port] Processing ST3215 Write command - Motor: 12, Address: 0x2A, Value: b"\xa9\x0c"
[2026-07-28T18:10:08Z INFO  st3215::port] ST3215 Write command completed - Motor: 12, Response: Write { source_bytes: b"\xff\xff\x0c\x02\0\xf1" }
[2026-07-28T18:10:08Z INFO  inferences::formats::normvla] Skip: invalid_range (bus=5B14114953 motor=13 range_min=1549 range_max=1549)
[2026-07-28T18:10:08Z INFO  inferences::formats::normvla] Skip: invalid_range (bus=5B14114953 motor=13 range_min=1549 range_max=1549)
[2026-07-28T18:10:08Z INFO  inferences::formats::normvla] Skip: invalid_range (bus=5B14114953 motor=13 range_min=1549 range_max=1549)
[2026-07-28T18:10:08Z INFO  inferences::formats::normvla] Skip: invalid_range (bus=5B14114953 motor=13 range_min=1549 range_max=1549)
[2026-07-28T18:10:08Z INFO  st3215::port] Processing ST3215 Write command - Motor: 12, Address: 0x2A, Value: b"\xc9\x0c"
[2026-07-28T18:10:08Z INFO  st3215::port] ST3215 Write command completed - Motor: 12, Response: Write { source_bytes: b"\xff\xff\x0c\x02\0\xf1" }
[2026-07-28T18:10:08Z INFO  inferences::formats::normvla] Skip: invalid_range (bus=5B14114953 motor=13 range_min=1549 range_max=1549)
[2026-07-28T18:10:08Z INFO  inferences::formats::normvla] Skip: invalid_range (bus=5B14114953 motor=13 range_min=1549 range_max=1549)
[2026-07-28T18:10:09Z INFO  inferences::formats::normvla] Skip: invalid_range (bus=5B14114953 motor=13 range_min=1549 range_max=1549)
[2026-07-28T18:10:09Z INFO  inferences::formats::normvla] Skip: invalid_range (bus=5B14114953 motor=13 range_min=1549 range_max=1549)
[2026-07-28T18:10:09Z INFO  inferences::formats::normvla] Skip: invalid_range (bus=5B14114953 motor=13 range_min=1549 range_max=1549)
[2026-07-28T18:10:09Z INFO  st3215::port] Processing ST3215 Write command - Motor: 12, Address: 0x2A, Value: b"\xe9\x0c"
[2026-07-28T18:10:09Z INFO  st3215::port] ST3215 Write command completed - Motor: 12, Response: Write { source_bytes: b"\xff\xff\x0c\x02\0\xf1" }
[2026-07-28T18:10:09Z INFO  inferences::formats::normvla] Skip: invalid_range (bus=5B14114953 motor=13 range_min=1549 range_max=1549)
[2026-07-28T18:10:09Z INFO  inferences::formats::normvla] Skip: invalid_range (bus=5B14114953 motor=13 range_min=1549 range_max=1549)
[2026-07-28T18:10:09Z INFO  inferences::formats::normvla] Skip: invalid_range (bus=5B14114953 motor=13 range_min=1549 range_max=1549)
[2026-07-28T18:10:09Z INFO  inferences::formats::normvla] Skip: invalid_range (bus=5B14114953 motor=13 range_min=1549 range_max=1549)
[2026-07-28T18:10:09Z INFO  st3215::port] Processing ST3215 Write command - Motor: 12, Address: 0x2A, Value: b"\t\r"
[2026-07-28T18:10:09Z INFO  st3215::port] ST3215 Write command completed - Motor: 12, Response: Write { source_bytes: b"\xff\xff\x0c\x02\0\xf1" }
[2026-07-28T18:10:09Z INFO  inferences::formats::normvla] Skip: invalid_range (bus=5B14114953 motor=13 range_min=1549 range_max=1549)
[2026-07-28T18:10:09Z INFO  inferences::formats::normvla] Skip: invalid_range (bus=5B14114953 motor=13 range_min=1549 range_max=1549)
[2026-07-28T18:10:09Z INFO  inferences::formats::normvla] Skip: invalid_range (bus=5B14114953 motor=13 range_min=1549 range_max=1549)
[2026-07-28T18:10:10Z INFO  inferences::formats::normvla] Skip: invalid_range (bus=5B14114953 motor=13 range_min=1549 range_max=1549)
[2026-07-28T18:10:10Z INFO  inferences::formats::normvla] Skip: invalid_range (bus=5B14114953 motor=13 range_min=1549 range_max=1549)
[2026-07-28T18:10:10Z INFO  st3215::port] Processing ST3215 Write command - Motor: 12, Address: 0x2A, Value: b")\r"
[2026-07-28T18:10:10Z INFO  st3215::port] ST3215 Write command completed - Motor: 12, Response: Write { source_bytes: b"\xff\xff\x0c\x02\0\xf1" }
[2026-07-28T18:10:10Z INFO  inferences::formats::normvla] Skip: invalid_range (bus=5B14114953 motor=13 range_min=1549 range_max=1549)
[2026-07-28T18:10:10Z INFO  inferences::formats::normvla] Skip: invalid_range (bus=5B14114953 motor=13 range_min=1549 range_max=1549)
[2026-07-28T18:10:10Z INFO  inferences::formats::normvla] Skip: invalid_range (bus=5B14114953 motor=13 range_min=1549 range_max=1549)
[2026-07-28T18:10:10Z INFO  inferences::formats::normvla] Skip: invalid_range (bus=5B14114953 motor=13 range_min=1549 range_max=1549)
[2026-07-28T18:10:10Z INFO  st3215::port] Processing ST3215 Write command - Motor: 12, Address: 0x2A, Value: b"I\r"
[2026-07-28T18:10:10Z INFO  st3215::port] ST3215 Write command completed - Motor: 12, Response: Write { source_bytes: b"\xff\xff\x0c\x02\0\xf1" }
[2026-07-28T18:10:10Z INFO  inferences::formats::normvla] Skip: invalid_range (bus=5B14114953 motor=13 range_min=1549 range_max=1549)
[2026-07-28T18:10:10Z INFO  inferences::formats::normvla] Skip: invalid_range (bus=5B14114953 motor=13 range_min=1549 range_max=1549)
[2026-07-28T18:10:10Z INFO  inferences::formats::normvla] Skip: invalid_range (bus=5B14114953 motor=13 range_min=1549 range_max=1549)
[2026-07-28T18:10:10Z INFO  inferences::formats::normvla] Skip: invalid_range (bus=5B14114953 motor=13 range_min=1549 range_max=1549)
[2026-07-28T18:10:11Z INFO  st3215::port] Processing ST3215 Write command - Motor: 12, Address: 0x2A, Value: b"i\r"
[2026-07-28T18:10:11Z INFO  st3215::port] ST3215 Write command completed - Motor: 12, Response: Write { source_bytes: b"\xff\xff\x0c\x02\0\xf1" }
[2026-07-28T18:10:11Z INFO  inferences::formats::normvla] Skip: invalid_range (bus=5B14114953 motor=13 range_min=1549 range_max=1549)
[2026-07-28T18:10:11Z INFO  inferences::formats::normvla] Skip: invalid_range (bus=5B14114953 motor=13 range_min=1549 range_max=1549)
[2026-07-28T18:10:11Z INFO  inferences::formats::normvla] Skip: invalid_range (bus=5B14114953 motor=13 range_min=1549 range_max=1549)
[2026-07-28T18:10:11Z INFO  inferences::formats::normvla] Skip: invalid_range (bus=5B14114953 motor=13 range_min=1549 range_max=1549)
[2026-07-28T18:10:11Z INFO  inferences::formats::normvla] Skip: invalid_range (bus=5B14114953 motor=13 range_min=1549 range_max=1549)
[2026-07-28T18:10:11Z INFO  st3215::port] Processing ST3215 Write command - Motor: 12, Address: 0x2A, Value: b"\x89\r"
[2026-07-28T18:10:11Z INFO  st3215::port] ST3215 Write command completed - Motor: 12, Response: Write { source_bytes: b"\xff\xff\x0c\x02\0\xf1" }
[2026-07-28T18:10:11Z INFO  inferences::formats::normvla] Skip: invalid_range (bus=5B14114953 motor=13 range_min=1549 range_max=1549)
[2026-07-28T18:10:11Z INFO  inferences::formats::normvla] Skip: invalid_range (bus=5B14114953 motor=13 range_min=1549 range_max=1549)
[2026-07-28T18:10:11Z INFO  inferences::formats::normvla] Skip: invalid_range (bus=5B14114953 motor=13 range_min=1549 range_max=1549)
[2026-07-28T18:10:11Z INFO  inferences::formats::normvla] Skip: invalid_range (bus=5B14114953 motor=13 range_min=1549 range_max=1549)
[2026-07-28T18:10:11Z INFO  st3215::auto_calibrate::matdog] MATDOG LF_UPPER_M12_MAX contact: step=32, target=3465, present=3443, error=22, current=12, threshold=5, velocity=0
[2026-07-28T18:10:11Z INFO  st3215::port] Processing ST3215 Write command - Motor: 12, Address: 0x2A, Value: b"s\r"
[2026-07-28T18:10:11Z INFO  st3215::port] ST3215 Write command completed - Motor: 12, Response: Write { source_bytes: b"\xff\xff\x0c\x02\0\xf1" }
[2026-07-28T18:10:11Z INFO  st3215::state] update_calibration_progress called: bus='5B14114953', status=InProgress, step=9/14
[2026-07-28T18:10:11Z INFO  st3215::state] InferenceState has 1 buses, looking for '5B14114953'
[2026-07-28T18:10:11Z INFO  st3215::state] Updating auto_calibration for bus '5B14114953': status=InProgress, step=9/14, phase='LF_UPPER_M12_MAX: Backoff and verify recovery'
[2026-07-28T18:10:11Z INFO  st3215::port] Processing ST3215 Write command - Motor: 12, Address: 0x2A, Value: b"\x13\r"
[2026-07-28T18:10:11Z INFO  st3215::port] ST3215 Write command completed - Motor: 12, Response: Write { source_bytes: b"\xff\xff\x0c\x02\0\xf1" }
[2026-07-28T18:10:11Z INFO  st3215::auto_calibrate::matdog] MATDOG LF_UPPER_M12_MAX move plan: M12 start=3443 target=3347 distance=96 timeout_ms=12000
[2026-07-28T18:10:11Z INFO  inferences::formats::normvla] Skip: invalid_range (bus=5B14114953 motor=13 range_min=1549 range_max=1549)
[2026-07-28T18:10:12Z INFO  inferences::formats::normvla] Skip: invalid_range (bus=5B14114953 motor=13 range_min=1549 range_max=1549)
[2026-07-28T18:10:12Z INFO  inferences::formats::normvla] Skip: invalid_range (bus=5B14114953 motor=13 range_min=1549 range_max=1549)
[2026-07-28T18:10:12Z INFO  inferences::formats::normvla] Frame stats (last 100 frames): processed=0, skipped=100 (100.0%), reasons: bus_ahead=0, bus_diff=0, motor_error=0, video_ahead=0, video_diff=0, no_images=0, no_torque=0, invalid_range=100, no_bus=0; max_diffs: bus=10ms, video=0ms
[2026-07-28T18:10:12Z INFO  inferences::formats::normvla] Skip: invalid_range (bus=5B14114953 motor=13 range_min=1549 range_max=1549)
[2026-07-28T18:10:12Z INFO  inferences::formats::normvla] Skip: invalid_range (bus=5B14114953 motor=13 range_min=1549 range_max=1549)
[2026-07-28T18:10:12Z INFO  inferences::formats::normvla] Skip: invalid_range (bus=5B14114953 motor=13 range_min=1549 range_max=1549)
[2026-07-28T18:10:12Z INFO  inferences::formats::normvla] Skip: invalid_range (bus=5B14114953 motor=13 range_min=1549 range_max=1549)
[2026-07-28T18:10:12Z INFO  inferences::formats::normvla] Skip: invalid_range (bus=5B14114953 motor=13 range_min=1549 range_max=1549)
[2026-07-28T18:10:12Z INFO  inferences::formats::normvla] Skip: invalid_range (bus=5B14114953 motor=13 range_min=1549 range_max=1549)
[2026-07-28T18:10:12Z INFO  inferences::formats::normvla] Skip: invalid_range (bus=5B14114953 motor=13 range_min=1549 range_max=1549)
[2026-07-28T18:10:12Z INFO  inferences::formats::normvla] Skip: invalid_range (bus=5B14114953 motor=13 range_min=1549 range_max=1549)
[2026-07-28T18:10:13Z INFO  inferences::formats::normvla] Skip: invalid_range (bus=5B14114953 motor=13 range_min=1549 range_max=1549)
[2026-07-28T18:10:13Z INFO  inferences::formats::normvla] Skip: invalid_range (bus=5B14114953 motor=13 range_min=1549 range_max=1549)
[2026-07-28T18:10:13Z INFO  st3215::state] update_calibration_progress called: bus='5B14114953', status=InProgress, step=10/14
[2026-07-28T18:10:13Z INFO  st3215::state] InferenceState has 1 buses, looking for '5B14114953'
[2026-07-28T18:10:13Z INFO  st3215::state] Updating auto_calibration for bus '5B14114953': status=InProgress, step=10/14, phase='LF_UPPER_M12_MAX: Fine repeat approach'
[2026-07-28T18:10:13Z INFO  st3215::port] Processing ST3215 Write command - Motor: 12, Address: 0x2A, Value: b"&\r"
[2026-07-28T18:10:13Z INFO  st3215::port] ST3215 Write command completed - Motor: 12, Response: Write { source_bytes: b"\xff\xff\x0c\x02\0\xf1" }
[2026-07-28T18:10:13Z INFO  inferences::formats::normvla] Skip: invalid_range (bus=5B14114953 motor=13 range_min=1549 range_max=1549)
[2026-07-28T18:10:13Z INFO  st3215::port] Processing ST3215 Write command - Motor: 12, Address: 0x2A, Value: b".\r"
[2026-07-28T18:10:13Z INFO  st3215::port] ST3215 Write command completed - Motor: 12, Response: Write { source_bytes: b"\xff\xff\x0c\x02\0\xf1" }
[2026-07-28T18:10:13Z INFO  inferences::formats::normvla] Skip: invalid_range (bus=5B14114953 motor=13 range_min=1549 range_max=1549)
[2026-07-28T18:10:13Z INFO  inferences::formats::normvla] Skip: invalid_range (bus=5B14114953 motor=13 range_min=1549 range_max=1549)
[2026-07-28T18:10:13Z INFO  inferences::formats::normvla] Skip: invalid_range (bus=5B14114953 motor=13 range_min=1549 range_max=1549)
[2026-07-28T18:10:13Z INFO  inferences::formats::normvla] Skip: invalid_range (bus=5B14114953 motor=13 range_min=1549 range_max=1549)
[2026-07-28T18:10:13Z INFO  st3215::port] Processing ST3215 Write command - Motor: 12, Address: 0x2A, Value: b"6\r"
[2026-07-28T18:10:13Z INFO  st3215::port] ST3215 Write command completed - Motor: 12, Response: Write { source_bytes: b"\xff\xff\x0c\x02\0\xf1" }
[2026-07-28T18:10:13Z INFO  inferences::formats::normvla] Skip: invalid_range (bus=5B14114953 motor=13 range_min=1549 range_max=1549)
[2026-07-28T18:10:13Z INFO  st3215::port] Processing ST3215 Write command - Motor: 12, Address: 0x2A, Value: b">\r"
[2026-07-28T18:10:13Z INFO  st3215::port] ST3215 Write command completed - Motor: 12, Response: Write { source_bytes: b"\xff\xff\x0c\x02\0\xf1" }
[2026-07-28T18:10:13Z INFO  inferences::formats::normvla] Skip: invalid_range (bus=5B14114953 motor=13 range_min=1549 range_max=1549)
[2026-07-28T18:10:13Z INFO  st3215::port] Processing ST3215 Write command - Motor: 12, Address: 0x2A, Value: b"F\r"
[2026-07-28T18:10:13Z INFO  st3215::port] ST3215 Write command completed - Motor: 12, Response: Write { source_bytes: b"\xff\xff\x0c\x02\0\xf1" }
[2026-07-28T18:10:13Z INFO  inferences::formats::normvla] Skip: invalid_range (bus=5B14114953 motor=13 range_min=1549 range_max=1549)
[2026-07-28T18:10:14Z INFO  inferences::formats::normvla] Skip: invalid_range (bus=5B14114953 motor=13 range_min=1549 range_max=1549)
[2026-07-28T18:10:14Z INFO  st3215::port] Processing ST3215 Write command - Motor: 12, Address: 0x2A, Value: b"N\r"
[2026-07-28T18:10:14Z INFO  st3215::port] ST3215 Write command completed - Motor: 12, Response: Write { source_bytes: b"\xff\xff\x0c\x02\0\xf1" }
[2026-07-28T18:10:14Z INFO  inferences::formats::normvla] Skip: invalid_range (bus=5B14114953 motor=13 range_min=1549 range_max=1549)
[2026-07-28T18:10:14Z INFO  st3215::port] Processing ST3215 Write command - Motor: 12, Address: 0x2A, Value: b"V\r"
[2026-07-28T18:10:14Z INFO  st3215::port] ST3215 Write command completed - Motor: 12, Response: Write { source_bytes: b"\xff\xff\x0c\x02\0\xf1" }
[2026-07-28T18:10:14Z INFO  inferences::formats::normvla] Skip: invalid_range (bus=5B14114953 motor=13 range_min=1549 range_max=1549)
[2026-07-28T18:10:14Z INFO  inferences::formats::normvla] Skip: invalid_range (bus=5B14114953 motor=13 range_min=1549 range_max=1549)
[2026-07-28T18:10:14Z INFO  st3215::port] Processing ST3215 Write command - Motor: 12, Address: 0x2A, Value: b"^\r"
[2026-07-28T18:10:14Z INFO  st3215::port] ST3215 Write command completed - Motor: 12, Response: Write { source_bytes: b"\xff\xff\x0c\x02\0\xf1" }
[2026-07-28T18:10:14Z INFO  inferences::formats::normvla] Skip: invalid_range (bus=5B14114953 motor=13 range_min=1549 range_max=1549)
[2026-07-28T18:10:14Z INFO  st3215::port] Processing ST3215 Write command - Motor: 12, Address: 0x2A, Value: b"f\r"
[2026-07-28T18:10:14Z INFO  st3215::port] ST3215 Write command completed - Motor: 12, Response: Write { source_bytes: b"\xff\xff\x0c\x02\0\xf1" }
[2026-07-28T18:10:14Z INFO  inferences::formats::normvla] Skip: invalid_range (bus=5B14114953 motor=13 range_min=1549 range_max=1549)
[2026-07-28T18:10:14Z INFO  st3215::port] Processing ST3215 Write command - Motor: 12, Address: 0x2A, Value: b"n\r"
[2026-07-28T18:10:14Z INFO  st3215::port] ST3215 Write command completed - Motor: 12, Response: Write { source_bytes: b"\xff\xff\x0c\x02\0\xf1" }
[2026-07-28T18:10:14Z INFO  inferences::formats::normvla] Skip: invalid_range (bus=5B14114953 motor=13 range_min=1549 range_max=1549)
[2026-07-28T18:10:14Z INFO  inferences::formats::normvla] Skip: invalid_range (bus=5B14114953 motor=13 range_min=1549 range_max=1549)
[2026-07-28T18:10:14Z INFO  st3215::port] Processing ST3215 Write command - Motor: 12, Address: 0x2A, Value: b"v\r"
[2026-07-28T18:10:14Z INFO  st3215::port] ST3215 Write command completed - Motor: 12, Response: Write { source_bytes: b"\xff\xff\x0c\x02\0\xf1" }
[2026-07-28T18:10:14Z INFO  inferences::formats::normvla] Skip: invalid_range (bus=5B14114953 motor=13 range_min=1549 range_max=1549)
[2026-07-28T18:10:14Z INFO  inferences::formats::normvla] Skip: invalid_range (bus=5B14114953 motor=13 range_min=1549 range_max=1549)
[2026-07-28T18:10:14Z INFO  st3215::port] Processing ST3215 Write command - Motor: 12, Address: 0x2A, Value: b"~\r"
[2026-07-28T18:10:14Z INFO  st3215::port] ST3215 Write command completed - Motor: 12, Response: Write { source_bytes: b"\xff\xff\x0c\x02\0\xf1" }
[2026-07-28T18:10:15Z INFO  inferences::formats::normvla] Skip: invalid_range (bus=5B14114953 motor=13 range_min=1549 range_max=1549)
[2026-07-28T18:10:15Z INFO  st3215::auto_calibrate::matdog] MATDOG LF_UPPER_M12_MAX contact: step=8, target=3454, present=3442, error=12, current=4, threshold=5, velocity=0
[2026-07-28T18:10:15Z INFO  st3215::port] Processing ST3215 Write command - Motor: 12, Address: 0x2A, Value: b"r\r"
[2026-07-28T18:10:15Z INFO  st3215::port] ST3215 Write command completed - Motor: 12, Response: Write { source_bytes: b"\xff\xff\x0c\x02\0\xf1" }
[2026-07-28T18:10:15Z INFO  inferences::formats::normvla] Skip: invalid_range (bus=5B14114953 motor=13 range_min=1549 range_max=1549)
[2026-07-28T18:10:15Z INFO  st3215::state] update_calibration_progress called: bus='5B14114953', status=InProgress, step=11/14
[2026-07-28T18:10:15Z INFO  st3215::state] InferenceState has 1 buses, looking for '5B14114953'
[2026-07-28T18:10:15Z INFO  st3215::state] Updating auto_calibration for bus '5B14114953': status=InProgress, step=11/14, phase='LF_UPPER_M12_MAX: Verify repeatability'
[2026-07-28T18:10:15Z INFO  st3215::state] update_calibration_progress called: bus='5B14114953', status=InProgress, step=12/14
[2026-07-28T18:10:15Z INFO  st3215::state] InferenceState has 1 buses, looking for '5B14114953'
[2026-07-28T18:10:15Z INFO  st3215::state] Updating auto_calibration for bus '5B14114953': status=InProgress, step=12/14, phase='LF_UPPER_M12_MAX: Return probing joint home'
[2026-07-28T18:10:15Z INFO  st3215::port] Processing ST3215 Write command - Motor: 12, Address: 0x2A, Value: b"r\r"
[2026-07-28T18:10:15Z INFO  st3215::port] ST3215 Write command completed - Motor: 12, Response: Write { source_bytes: b"\xff\xff\x0c\x02\0\xf1" }
[2026-07-28T18:10:15Z INFO  st3215::port] Processing ST3215 Write command - Motor: 12, Address: 0x2A, Value: b"\0\x08"
[2026-07-28T18:10:15Z INFO  st3215::port] ST3215 Write command completed - Motor: 12, Response: Write { source_bytes: b"\xff\xff\x0c\x02\0\xf1" }
[2026-07-28T18:10:15Z INFO  st3215::auto_calibrate::matdog] MATDOG LF_UPPER_M12_MAX move plan: M12 start=3442 target=2048 distance=1394 timeout_ms=39850
[2026-07-28T18:10:15Z INFO  inferences::formats::normvla] Skip: invalid_range (bus=5B14114953 motor=13 range_min=1549 range_max=1549)
[2026-07-28T18:10:15Z INFO  inferences::formats::normvla] Skip: invalid_range (bus=5B14114953 motor=13 range_min=1549 range_max=1549)
[2026-07-28T18:10:15Z INFO  inferences::formats::normvla] Skip: invalid_range (bus=5B14114953 motor=13 range_min=1549 range_max=1549)
[2026-07-28T18:10:15Z INFO  inferences::formats::normvla] Skip: invalid_range (bus=5B14114953 motor=13 range_min=1549 range_max=1549)
[2026-07-28T18:10:15Z INFO  inferences::formats::normvla] Skip: invalid_range (bus=5B14114953 motor=13 range_min=1549 range_max=1549)
[2026-07-28T18:10:15Z INFO  inferences::formats::normvla] Skip: invalid_range (bus=5B14114953 motor=13 range_min=1549 range_max=1549)
[2026-07-28T18:10:15Z INFO  inferences::formats::normvla] Skip: invalid_range (bus=5B14114953 motor=13 range_min=1549 range_max=1549)
[2026-07-28T18:10:15Z INFO  inferences::formats::normvla] Skip: invalid_range (bus=5B14114953 motor=13 range_min=1549 range_max=1549)
[2026-07-28T18:10:16Z INFO  inferences::formats::normvla] Skip: invalid_range (bus=5B14114953 motor=13 range_min=1549 range_max=1549)
[2026-07-28T18:10:16Z INFO  inferences::formats::normvla] Skip: invalid_range (bus=5B14114953 motor=13 range_min=1549 range_max=1549)
[2026-07-28T18:10:16Z INFO  inferences::formats::normvla] Skip: invalid_range (bus=5B14114953 motor=13 range_min=1549 range_max=1549)
[2026-07-28T18:10:16Z INFO  inferences::formats::normvla] Skip: invalid_range (bus=5B14114953 motor=13 range_min=1549 range_max=1549)
[2026-07-28T18:10:16Z INFO  inferences::formats::normvla] Skip: invalid_range (bus=5B14114953 motor=13 range_min=1549 range_max=1549)
[2026-07-28T18:10:16Z INFO  inferences::formats::normvla] Skip: invalid_range (bus=5B14114953 motor=13 range_min=1549 range_max=1549)
[2026-07-28T18:10:16Z INFO  inferences::formats::normvla] Skip: invalid_range (bus=5B14114953 motor=13 range_min=1549 range_max=1549)
[2026-07-28T18:10:16Z INFO  inferences::formats::normvla] Skip: invalid_range (bus=5B14114953 motor=13 range_min=1549 range_max=1549)
[2026-07-28T18:10:16Z INFO  inferences::formats::normvla] Skip: invalid_range (bus=5B14114953 motor=13 range_min=1549 range_max=1549)
[2026-07-28T18:10:16Z INFO  inferences::formats::normvla] Skip: invalid_range (bus=5B14114953 motor=13 range_min=1549 range_max=1549)
[2026-07-28T18:10:17Z INFO  inferences::formats::normvla] Skip: invalid_range (bus=5B14114953 motor=13 range_min=1549 range_max=1549)
[2026-07-28T18:10:17Z INFO  inferences::formats::normvla] Skip: invalid_range (bus=5B14114953 motor=13 range_min=1549 range_max=1549)
[2026-07-28T18:10:17Z INFO  inferences::formats::normvla] Skip: invalid_range (bus=5B14114953 motor=13 range_min=1549 range_max=1549)
[2026-07-28T18:10:17Z INFO  inferences::formats::normvla] Skip: invalid_range (bus=5B14114953 motor=13 range_min=1549 range_max=1549)
[2026-07-28T18:10:17Z INFO  inferences::formats::normvla] Skip: invalid_range (bus=5B14114953 motor=13 range_min=1549 range_max=1549)
[2026-07-28T18:10:17Z INFO  inferences::formats::normvla] Skip: invalid_range (bus=5B14114953 motor=13 range_min=1549 range_max=1549)
[2026-07-28T18:10:17Z INFO  inferences::formats::normvla] Skip: invalid_range (bus=5B14114953 motor=13 range_min=1549 range_max=1549)
[2026-07-28T18:10:17Z INFO  inferences::formats::normvla] Skip: invalid_range (bus=5B14114953 motor=13 range_min=1549 range_max=1549)
[2026-07-28T18:10:17Z INFO  inferences::formats::normvla] Skip: invalid_range (bus=5B14114953 motor=13 range_min=1549 range_max=1549)
[2026-07-28T18:10:18Z INFO  inferences::formats::normvla] Skip: invalid_range (bus=5B14114953 motor=13 range_min=1549 range_max=1549)
[2026-07-28T18:10:18Z INFO  inferences::formats::normvla] Skip: invalid_range (bus=5B14114953 motor=13 range_min=1549 range_max=1549)
[2026-07-28T18:10:18Z INFO  inferences::formats::normvla] Skip: invalid_range (bus=5B14114953 motor=13 range_min=1549 range_max=1549)
[2026-07-28T18:10:18Z INFO  inferences::formats::normvla] Skip: invalid_range (bus=5B14114953 motor=13 range_min=1549 range_max=1549)
[2026-07-28T18:10:18Z INFO  inferences::formats::normvla] Skip: invalid_range (bus=5B14114953 motor=13 range_min=1549 range_max=1549)
[2026-07-28T18:10:18Z INFO  inferences::formats::normvla] Skip: invalid_range (bus=5B14114953 motor=13 range_min=1549 range_max=1549)
[2026-07-28T18:10:18Z INFO  inferences::formats::normvla] Skip: invalid_range (bus=5B14114953 motor=13 range_min=1549 range_max=1549)
[2026-07-28T18:10:18Z INFO  inferences::formats::normvla] Skip: invalid_range (bus=5B14114953 motor=13 range_min=1549 range_max=1549)
[2026-07-28T18:10:18Z INFO  inferences::formats::normvla] Skip: invalid_range (bus=5B14114953 motor=13 range_min=1549 range_max=1549)
[2026-07-28T18:10:18Z INFO  inferences::formats::normvla] Skip: invalid_range (bus=5B14114953 motor=13 range_min=1549 range_max=1549)
[2026-07-28T18:10:19Z INFO  inferences::formats::normvla] Skip: invalid_range (bus=5B14114953 motor=13 range_min=1549 range_max=1549)
[2026-07-28T18:10:19Z INFO  inferences::formats::normvla] Skip: invalid_range (bus=5B14114953 motor=13 range_min=1549 range_max=1549)
[2026-07-28T18:10:19Z INFO  inferences::formats::normvla] Skip: invalid_range (bus=5B14114953 motor=13 range_min=1549 range_max=1549)
[2026-07-28T18:10:19Z INFO  inferences::formats::normvla] Skip: invalid_range (bus=5B14114953 motor=13 range_min=1549 range_max=1549)
[2026-07-28T18:10:19Z INFO  inferences::formats::normvla] Skip: invalid_range (bus=5B14114953 motor=13 range_min=1549 range_max=1549)
[2026-07-28T18:10:19Z INFO  inferences::formats::normvla] Skip: invalid_range (bus=5B14114953 motor=13 range_min=1549 range_max=1549)
[2026-07-28T18:10:19Z INFO  inferences::formats::normvla] Skip: invalid_range (bus=5B14114953 motor=13 range_min=1549 range_max=1549)
[2026-07-28T18:10:19Z INFO  inferences::formats::normvla] Skip: invalid_range (bus=5B14114953 motor=13 range_min=1549 range_max=1549)
[2026-07-28T18:10:19Z INFO  inferences::formats::normvla] Skip: invalid_range (bus=5B14114953 motor=13 range_min=1549 range_max=1549)
[2026-07-28T18:10:19Z INFO  inferences::formats::normvla] Skip: invalid_range (bus=5B14114953 motor=13 range_min=1549 range_max=1549)
[2026-07-28T18:10:20Z INFO  inferences::formats::normvla] Skip: invalid_range (bus=5B14114953 motor=13 range_min=1549 range_max=1549)
[2026-07-28T18:10:20Z INFO  inferences::formats::normvla] Skip: invalid_range (bus=5B14114953 motor=13 range_min=1549 range_max=1549)
[2026-07-28T18:10:20Z INFO  inferences::formats::normvla] Skip: invalid_range (bus=5B14114953 motor=13 range_min=1549 range_max=1549)
[2026-07-28T18:10:20Z INFO  inferences::formats::normvla] Skip: invalid_range (bus=5B14114953 motor=13 range_min=1549 range_max=1549)
[2026-07-28T18:10:20Z INFO  inferences::formats::normvla] Skip: invalid_range (bus=5B14114953 motor=13 range_min=1549 range_max=1549)
[2026-07-28T18:10:20Z INFO  inferences::formats::normvla] Skip: invalid_range (bus=5B14114953 motor=13 range_min=1549 range_max=1549)
[2026-07-28T18:10:20Z INFO  inferences::formats::normvla] Skip: invalid_range (bus=5B14114953 motor=13 range_min=1549 range_max=1549)
[2026-07-28T18:10:20Z INFO  inferences::formats::normvla] Skip: invalid_range (bus=5B14114953 motor=13 range_min=1549 range_max=1549)
[2026-07-28T18:10:20Z INFO  inferences::formats::normvla] Skip: invalid_range (bus=5B14114953 motor=13 range_min=1549 range_max=1549)
[2026-07-28T18:10:20Z INFO  inferences::formats::normvla] Skip: invalid_range (bus=5B14114953 motor=13 range_min=1549 range_max=1549)
[2026-07-28T18:10:21Z INFO  inferences::formats::normvla] Skip: invalid_range (bus=5B14114953 motor=13 range_min=1549 range_max=1549)
[2026-07-28T18:10:21Z INFO  inferences::formats::normvla] Skip: invalid_range (bus=5B14114953 motor=13 range_min=1549 range_max=1549)
[2026-07-28T18:10:21Z INFO  inferences::formats::normvla] Skip: invalid_range (bus=5B14114953 motor=13 range_min=1549 range_max=1549)
[2026-07-28T18:10:21Z INFO  inferences::formats::normvla] Skip: invalid_range (bus=5B14114953 motor=13 range_min=1549 range_max=1549)
[2026-07-28T18:10:21Z INFO  inferences::formats::normvla] Skip: invalid_range (bus=5B14114953 motor=13 range_min=1549 range_max=1549)
[2026-07-28T18:10:21Z INFO  inferences::formats::normvla] Skip: invalid_range (bus=5B14114953 motor=13 range_min=1549 range_max=1549)
[2026-07-28T18:10:21Z INFO  inferences::formats::normvla] Skip: invalid_range (bus=5B14114953 motor=13 range_min=1549 range_max=1549)
[2026-07-28T18:10:21Z INFO  inferences::formats::normvla] Skip: invalid_range (bus=5B14114953 motor=13 range_min=1549 range_max=1549)
[2026-07-28T18:10:21Z INFO  inferences::formats::normvla] Skip: invalid_range (bus=5B14114953 motor=13 range_min=1549 range_max=1549)
[2026-07-28T18:10:21Z INFO  inferences::formats::normvla] Skip: invalid_range (bus=5B14114953 motor=13 range_min=1549 range_max=1549)
[2026-07-28T18:10:22Z INFO  inferences::formats::normvla] Skip: invalid_range (bus=5B14114953 motor=13 range_min=1549 range_max=1549)
[2026-07-28T18:10:22Z INFO  inferences::formats::normvla] Skip: invalid_range (bus=5B14114953 motor=13 range_min=1549 range_max=1549)
[2026-07-28T18:10:22Z INFO  inferences::formats::normvla] Skip: invalid_range (bus=5B14114953 motor=13 range_min=1549 range_max=1549)
[2026-07-28T18:10:22Z INFO  inferences::formats::normvla] Frame stats (last 100 frames): processed=0, skipped=100 (100.0%), reasons: bus_ahead=0, bus_diff=0, motor_error=0, video_ahead=0, video_diff=0, no_images=0, no_torque=0, invalid_range=100, no_bus=0; max_diffs: bus=16ms, video=0ms
[2026-07-28T18:10:22Z INFO  inferences::formats::normvla] Skip: invalid_range (bus=5B14114953 motor=13 range_min=1549 range_max=1549)
[2026-07-28T18:10:22Z INFO  inferences::formats::normvla] Skip: invalid_range (bus=5B14114953 motor=13 range_min=1549 range_max=1549)
[2026-07-28T18:10:22Z INFO  inferences::formats::normvla] Skip: invalid_range (bus=5B14114953 motor=13 range_min=1549 range_max=1549)
[2026-07-28T18:10:22Z INFO  inferences::formats::normvla] Skip: invalid_range (bus=5B14114953 motor=13 range_min=1549 range_max=1549)
[2026-07-28T18:10:22Z INFO  inferences::formats::normvla] Skip: invalid_range (bus=5B14114953 motor=13 range_min=1549 range_max=1549)
[2026-07-28T18:10:22Z INFO  inferences::formats::normvla] Skip: invalid_range (bus=5B14114953 motor=13 range_min=1549 range_max=1549)
[2026-07-28T18:10:22Z INFO  inferences::formats::normvla] Skip: invalid_range (bus=5B14114953 motor=13 range_min=1549 range_max=1549)
[2026-07-28T18:10:23Z INFO  inferences::formats::normvla] Skip: invalid_range (bus=5B14114953 motor=13 range_min=1549 range_max=1549)
[2026-07-28T18:10:23Z INFO  inferences::formats::normvla] Skip: invalid_range (bus=5B14114953 motor=13 range_min=1549 range_max=1549)
[2026-07-28T18:10:23Z INFO  inferences::formats::normvla] Skip: invalid_range (bus=5B14114953 motor=13 range_min=1549 range_max=1549)
[2026-07-28T18:10:23Z INFO  inferences::formats::normvla] Skip: invalid_range (bus=5B14114953 motor=13 range_min=1549 range_max=1549)
[2026-07-28T18:10:23Z INFO  inferences::formats::normvla] Skip: invalid_range (bus=5B14114953 motor=13 range_min=1549 range_max=1549)
[2026-07-28T18:10:23Z INFO  inferences::formats::normvla] Skip: invalid_range (bus=5B14114953 motor=13 range_min=1549 range_max=1549)
[2026-07-28T18:10:23Z INFO  inferences::formats::normvla] Skip: invalid_range (bus=5B14114953 motor=13 range_min=1549 range_max=1549)
[2026-07-28T18:10:23Z INFO  inferences::formats::normvla] Skip: invalid_range (bus=5B14114953 motor=13 range_min=1549 range_max=1549)
[2026-07-28T18:10:23Z INFO  inferences::formats::normvla] Skip: invalid_range (bus=5B14114953 motor=13 range_min=1549 range_max=1549)
[2026-07-28T18:10:23Z INFO  inferences::formats::normvla] Skip: invalid_range (bus=5B14114953 motor=13 range_min=1549 range_max=1549)
[2026-07-28T18:10:24Z INFO  inferences::formats::normvla] Skip: invalid_range (bus=5B14114953 motor=13 range_min=1549 range_max=1549)
[2026-07-28T18:10:24Z INFO  inferences::formats::normvla] Skip: invalid_range (bus=5B14114953 motor=13 range_min=1549 range_max=1549)
[2026-07-28T18:10:24Z INFO  inferences::formats::normvla] Skip: invalid_range (bus=5B14114953 motor=13 range_min=1549 range_max=1549)
[2026-07-28T18:10:24Z INFO  inferences::formats::normvla] Skip: invalid_range (bus=5B14114953 motor=13 range_min=1549 range_max=1549)
[2026-07-28T18:10:24Z INFO  inferences::formats::normvla] Skip: invalid_range (bus=5B14114953 motor=13 range_min=1549 range_max=1549)
[2026-07-28T18:10:24Z INFO  inferences::formats::normvla] Skip: invalid_range (bus=5B14114953 motor=13 range_min=1549 range_max=1549)
[2026-07-28T18:10:24Z INFO  inferences::formats::normvla] Skip: invalid_range (bus=5B14114953 motor=13 range_min=1549 range_max=1549)
[2026-07-28T18:10:24Z INFO  inferences::formats::normvla] Skip: invalid_range (bus=5B14114953 motor=13 range_min=1549 range_max=1549)
[2026-07-28T18:10:24Z INFO  inferences::formats::normvla] Skip: invalid_range (bus=5B14114953 motor=13 range_min=1549 range_max=1549)
[2026-07-28T18:10:24Z INFO  inferences::formats::normvla] Skip: invalid_range (bus=5B14114953 motor=13 range_min=1549 range_max=1549)
[2026-07-28T18:10:25Z INFO  inferences::formats::normvla] Skip: invalid_range (bus=5B14114953 motor=13 range_min=1549 range_max=1549)
[2026-07-28T18:10:25Z INFO  inferences::formats::normvla] Skip: invalid_range (bus=5B14114953 motor=13 range_min=1549 range_max=1549)
[2026-07-28T18:10:25Z INFO  inferences::formats::normvla] Skip: invalid_range (bus=5B14114953 motor=13 range_min=1549 range_max=1549)
[2026-07-28T18:10:25Z INFO  inferences::formats::normvla] Skip: invalid_range (bus=5B14114953 motor=13 range_min=1549 range_max=1549)
[2026-07-28T18:10:25Z INFO  inferences::formats::normvla] Skip: invalid_range (bus=5B14114953 motor=13 range_min=1549 range_max=1549)
[2026-07-28T18:10:25Z INFO  inferences::formats::normvla] Skip: invalid_range (bus=5B14114953 motor=13 range_min=1549 range_max=1549)
[2026-07-28T18:10:25Z INFO  inferences::formats::normvla] Skip: invalid_range (bus=5B14114953 motor=13 range_min=1549 range_max=1549)
[2026-07-28T18:10:25Z INFO  inferences::formats::normvla] Skip: invalid_range (bus=5B14114953 motor=13 range_min=1549 range_max=1549)
[2026-07-28T18:10:25Z INFO  inferences::formats::normvla] Skip: invalid_range (bus=5B14114953 motor=13 range_min=1549 range_max=1549)
[2026-07-28T18:10:25Z INFO  inferences::formats::normvla] Skip: invalid_range (bus=5B14114953 motor=13 range_min=1549 range_max=1549)
[2026-07-28T18:10:26Z INFO  inferences::formats::normvla] Skip: invalid_range (bus=5B14114953 motor=13 range_min=1549 range_max=1549)
[2026-07-28T18:10:26Z INFO  inferences::formats::normvla] Skip: invalid_range (bus=5B14114953 motor=13 range_min=1549 range_max=1549)
[2026-07-28T18:10:26Z INFO  inferences::formats::normvla] Skip: invalid_range (bus=5B14114953 motor=13 range_min=1549 range_max=1549)
[2026-07-28T18:10:26Z INFO  inferences::formats::normvla] Skip: invalid_range (bus=5B14114953 motor=13 range_min=1549 range_max=1549)
[2026-07-28T18:10:26Z INFO  inferences::formats::normvla] Skip: invalid_range (bus=5B14114953 motor=13 range_min=1549 range_max=1549)
[2026-07-28T18:10:26Z INFO  inferences::formats::normvla] Skip: invalid_range (bus=5B14114953 motor=13 range_min=1549 range_max=1549)
[2026-07-28T18:10:26Z INFO  inferences::formats::normvla] Skip: invalid_range (bus=5B14114953 motor=13 range_min=1549 range_max=1549)
[2026-07-28T18:10:26Z INFO  inferences::formats::normvla] Skip: invalid_range (bus=5B14114953 motor=13 range_min=1549 range_max=1549)
[2026-07-28T18:10:26Z INFO  inferences::formats::normvla] Skip: invalid_range (bus=5B14114953 motor=13 range_min=1549 range_max=1549)
[2026-07-28T18:10:26Z INFO  inferences::formats::normvla] Skip: invalid_range (bus=5B14114953 motor=13 range_min=1549 range_max=1549)
[2026-07-28T18:10:27Z INFO  inferences::formats::normvla] Skip: invalid_range (bus=5B14114953 motor=13 range_min=1549 range_max=1549)
[2026-07-28T18:10:27Z INFO  inferences::formats::normvla] Skip: invalid_range (bus=5B14114953 motor=13 range_min=1549 range_max=1549)
[2026-07-28T18:10:27Z INFO  inferences::formats::normvla] Skip: invalid_range (bus=5B14114953 motor=13 range_min=1549 range_max=1549)
[2026-07-28T18:10:27Z INFO  inferences::formats::normvla] Skip: invalid_range (bus=5B14114953 motor=13 range_min=1549 range_max=1549)
[2026-07-28T18:10:27Z INFO  inferences::formats::normvla] Skip: invalid_range (bus=5B14114953 motor=13 range_min=1549 range_max=1549)
[2026-07-28T18:10:27Z INFO  inferences::formats::normvla] Skip: invalid_range (bus=5B14114953 motor=13 range_min=1549 range_max=1549)
[2026-07-28T18:10:27Z INFO  inferences::formats::normvla] Skip: invalid_range (bus=5B14114953 motor=13 range_min=1549 range_max=1549)
[2026-07-28T18:10:27Z INFO  inferences::formats::normvla] Skip: invalid_range (bus=5B14114953 motor=13 range_min=1549 range_max=1549)
[2026-07-28T18:10:27Z INFO  inferences::formats::normvla] Skip: invalid_range (bus=5B14114953 motor=13 range_min=1549 range_max=1549)
[2026-07-28T18:10:27Z INFO  inferences::formats::normvla] Skip: invalid_range (bus=5B14114953 motor=13 range_min=1549 range_max=1549)
[2026-07-28T18:10:28Z INFO  inferences::formats::normvla] Skip: invalid_range (bus=5B14114953 motor=13 range_min=1549 range_max=1549)
[2026-07-28T18:10:28Z INFO  inferences::formats::normvla] Skip: invalid_range (bus=5B14114953 motor=13 range_min=1549 range_max=1549)
[2026-07-28T18:10:28Z INFO  inferences::formats::normvla] Skip: invalid_range (bus=5B14114953 motor=13 range_min=1549 range_max=1549)
[2026-07-28T18:10:28Z INFO  inferences::formats::normvla] Skip: invalid_range (bus=5B14114953 motor=13 range_min=1549 range_max=1549)
[2026-07-28T18:10:28Z INFO  inferences::formats::normvla] Skip: invalid_range (bus=5B14114953 motor=13 range_min=1549 range_max=1549)
[2026-07-28T18:10:28Z INFO  inferences::formats::normvla] Skip: invalid_range (bus=5B14114953 motor=13 range_min=1549 range_max=1549)
[2026-07-28T18:10:28Z INFO  inferences::formats::normvla] Skip: invalid_range (bus=5B14114953 motor=13 range_min=1549 range_max=1549)
[2026-07-28T18:10:28Z INFO  inferences::formats::normvla] Skip: invalid_range (bus=5B14114953 motor=13 range_min=1549 range_max=1549)
[2026-07-28T18:10:28Z INFO  inferences::formats::normvla] Skip: invalid_range (bus=5B14114953 motor=13 range_min=1549 range_max=1549)
[2026-07-28T18:10:28Z INFO  inferences::formats::normvla] Skip: invalid_range (bus=5B14114953 motor=13 range_min=1549 range_max=1549)
[2026-07-28T18:10:29Z INFO  inferences::formats::normvla] Skip: invalid_range (bus=5B14114953 motor=13 range_min=1549 range_max=1549)
[2026-07-28T18:10:29Z INFO  inferences::formats::normvla] Skip: invalid_range (bus=5B14114953 motor=13 range_min=1549 range_max=1549)
[2026-07-28T18:10:29Z INFO  inferences::formats::normvla] Skip: invalid_range (bus=5B14114953 motor=13 range_min=1549 range_max=1549)
[2026-07-28T18:10:29Z INFO  inferences::formats::normvla] Skip: invalid_range (bus=5B14114953 motor=13 range_min=1549 range_max=1549)
[2026-07-28T18:10:29Z INFO  inferences::formats::normvla] Skip: invalid_range (bus=5B14114953 motor=13 range_min=1549 range_max=1549)
[2026-07-28T18:10:29Z INFO  inferences::formats::normvla] Skip: invalid_range (bus=5B14114953 motor=13 range_min=1549 range_max=1549)
[2026-07-28T18:10:29Z INFO  inferences::formats::normvla] Skip: invalid_range (bus=5B14114953 motor=13 range_min=1549 range_max=1549)
[2026-07-28T18:10:29Z INFO  inferences::formats::normvla] Skip: invalid_range (bus=5B14114953 motor=13 range_min=1549 range_max=1549)
[2026-07-28T18:10:29Z INFO  inferences::formats::normvla] Skip: invalid_range (bus=5B14114953 motor=13 range_min=1549 range_max=1549)
[2026-07-28T18:10:29Z INFO  inferences::formats::normvla] Skip: invalid_range (bus=5B14114953 motor=13 range_min=1549 range_max=1549)
[2026-07-28T18:10:30Z INFO  inferences::formats::normvla] Skip: invalid_range (bus=5B14114953 motor=13 range_min=1549 range_max=1549)
[2026-07-28T18:10:30Z INFO  inferences::formats::normvla] Skip: invalid_range (bus=5B14114953 motor=13 range_min=1549 range_max=1549)
[2026-07-28T18:10:30Z INFO  inferences::formats::normvla] Skip: invalid_range (bus=5B14114953 motor=13 range_min=1549 range_max=1549)
[2026-07-28T18:10:30Z INFO  inferences::formats::normvla] Skip: invalid_range (bus=5B14114953 motor=13 range_min=1549 range_max=1549)
[2026-07-28T18:10:30Z INFO  inferences::formats::normvla] Skip: invalid_range (bus=5B14114953 motor=13 range_min=1549 range_max=1549)
[2026-07-28T18:10:30Z INFO  inferences::formats::normvla] Skip: invalid_range (bus=5B14114953 motor=13 range_min=1549 range_max=1549)
[2026-07-28T18:10:30Z INFO  inferences::formats::normvla] Skip: invalid_range (bus=5B14114953 motor=13 range_min=1549 range_max=1549)
[2026-07-28T18:10:30Z INFO  inferences::formats::normvla] Skip: invalid_range (bus=5B14114953 motor=13 range_min=1549 range_max=1549)
[2026-07-28T18:10:30Z INFO  inferences::formats::normvla] Skip: invalid_range (bus=5B14114953 motor=13 range_min=1549 range_max=1549)
[2026-07-28T18:10:31Z INFO  inferences::formats::normvla] Skip: invalid_range (bus=5B14114953 motor=13 range_min=1549 range_max=1549)
[2026-07-28T18:10:31Z INFO  inferences::formats::normvla] Skip: invalid_range (bus=5B14114953 motor=13 range_min=1549 range_max=1549)
[2026-07-28T18:10:31Z INFO  inferences::formats::normvla] Skip: invalid_range (bus=5B14114953 motor=13 range_min=1549 range_max=1549)
[2026-07-28T18:10:31Z INFO  inferences::formats::normvla] Skip: invalid_range (bus=5B14114953 motor=13 range_min=1549 range_max=1549)
[2026-07-28T18:10:31Z INFO  inferences::formats::normvla] Skip: invalid_range (bus=5B14114953 motor=13 range_min=1549 range_max=1549)
[2026-07-28T18:10:31Z INFO  inferences::formats::normvla] Skip: invalid_range (bus=5B14114953 motor=13 range_min=1549 range_max=1549)
[2026-07-28T18:10:31Z INFO  inferences::formats::normvla] Skip: invalid_range (bus=5B14114953 motor=13 range_min=1549 range_max=1549)
[2026-07-28T18:10:31Z INFO  inferences::formats::normvla] Skip: invalid_range (bus=5B14114953 motor=13 range_min=1549 range_max=1549)
[2026-07-28T18:10:31Z INFO  inferences::formats::normvla] Skip: invalid_range (bus=5B14114953 motor=13 range_min=1549 range_max=1549)
[2026-07-28T18:10:31Z INFO  inferences::formats::normvla] Skip: invalid_range (bus=5B14114953 motor=13 range_min=1549 range_max=1549)
[2026-07-28T18:10:32Z INFO  inferences::formats::normvla] Skip: invalid_range (bus=5B14114953 motor=13 range_min=1549 range_max=1549)
[2026-07-28T18:10:32Z INFO  inferences::formats::normvla] Skip: invalid_range (bus=5B14114953 motor=13 range_min=1549 range_max=1549)
[2026-07-28T18:10:32Z INFO  inferences::formats::normvla] Skip: invalid_range (bus=5B14114953 motor=13 range_min=1549 range_max=1549)
[2026-07-28T18:10:32Z INFO  inferences::formats::normvla] Skip: invalid_range (bus=5B14114953 motor=13 range_min=1549 range_max=1549)
[2026-07-28T18:10:32Z INFO  inferences::formats::normvla] Frame stats (last 100 frames): processed=0, skipped=100 (100.0%), reasons: bus_ahead=0, bus_diff=0, motor_error=0, video_ahead=0, video_diff=0, no_images=0, no_torque=0, invalid_range=100, no_bus=0; max_diffs: bus=10ms, video=0ms
[2026-07-28T18:10:32Z INFO  inferences::formats::normvla] Skip: invalid_range (bus=5B14114953 motor=13 range_min=1549 range_max=1549)
[2026-07-28T18:10:32Z INFO  inferences::formats::normvla] Skip: invalid_range (bus=5B14114953 motor=13 range_min=1549 range_max=1549)
[2026-07-28T18:10:32Z INFO  st3215::port] Processing ST3215 Write command - Motor: 12, Address: 0x28, Value: b"\0"
[2026-07-28T18:10:32Z INFO  st3215::port] ST3215 Write command completed - Motor: 12, Response: Write { source_bytes: b"\xff\xff\x0c\x02\0\xf1" }
[2026-07-28T18:10:32Z INFO  st3215::state] update_calibration_progress called: bus='5B14114953', status=InProgress, step=13/14
[2026-07-28T18:10:32Z INFO  st3215::state] InferenceState has 1 buses, looking for '5B14114953'
[2026-07-28T18:10:32Z INFO  st3215::state] Updating auto_calibration for bus '5B14114953': status=InProgress, step=13/14, phase='LF_UPPER_M12_MAX: Restore prerequisite joints one at a time'
[2026-07-28T18:10:32Z INFO  st3215::port] Processing ST3215 Write command - Motor: 11, Address: 0x2A, Value: b"\0\x08"
[2026-07-28T18:10:32Z INFO  st3215::port] ST3215 Write command completed - Motor: 11, Response: Write { source_bytes: b"\xff\xff\x0b\x02\0\xf2" }
[2026-07-28T18:10:32Z INFO  st3215::auto_calibrate::matdog] MATDOG LF_UPPER_M12_MAX move plan: M11 start=2047 target=2048 distance=1 timeout_ms=12000
[2026-07-28T18:10:32Z INFO  st3215::port] Processing ST3215 Write command - Motor: 11, Address: 0x28, Value: b"\0"
[2026-07-28T18:10:32Z INFO  st3215::port] ST3215 Write command completed - Motor: 11, Response: Write { source_bytes: b"\xff\xff\x0b\x02\0\xf2" }
[2026-07-28T18:10:32Z INFO  st3215::port] Processing ST3215 Write command - Motor: 13, Address: 0x2A, Value: b"\0\x08"
[2026-07-28T18:10:32Z INFO  st3215::port] ST3215 Write command completed - Motor: 13, Response: Write { source_bytes: b"\xff\xff\r\x02\0\xf0" }
[2026-07-28T18:10:32Z INFO  st3215::auto_calibrate::matdog] MATDOG LF_UPPER_M12_MAX move plan: M13 start=2054 target=2048 distance=6 timeout_ms=12000
[2026-07-28T18:10:32Z INFO  inferences::formats::normvla] Skip: invalid_range (bus=5B14114953 motor=13 range_min=1549 range_max=1549)
[2026-07-28T18:10:32Z INFO  st3215::port] Processing ST3215 Write command - Motor: 13, Address: 0x28, Value: b"\0"
[2026-07-28T18:10:32Z INFO  st3215::port] ST3215 Write command completed - Motor: 13, Response: Write { source_bytes: b"\xff\xff\r\x02\0\xf0" }
[2026-07-28T18:10:32Z INFO  st3215::port] Processing ST3215 Write command - Motor: 42, Address: 0x2A, Value: b"\0\x08"
[2026-07-28T18:10:32Z INFO  st3215::port] ST3215 Write command completed - Motor: 42, Response: Write { source_bytes: b"\xff\xff*\x02\0\xd3" }
[2026-07-28T18:10:32Z INFO  st3215::auto_calibrate::matdog] MATDOG LF_UPPER_M12_MAX move plan: M42 start=2385 target=2048 distance=337 timeout_ms=13425
[2026-07-28T18:10:32Z INFO  inferences::formats::normvla] Skip: invalid_range (bus=5B14114953 motor=13 range_min=1549 range_max=1549)
[2026-07-28T18:10:32Z INFO  inferences::formats::normvla] Skip: invalid_range (bus=5B14114953 motor=13 range_min=1549 range_max=1549)
[2026-07-28T18:10:32Z INFO  inferences::formats::normvla] Skip: invalid_range (bus=5B14114953 motor=13 range_min=1549 range_max=1549)
[2026-07-28T18:10:33Z INFO  inferences::formats::normvla] Skip: invalid_range (bus=5B14114953 motor=13 range_min=1549 range_max=1549)
[2026-07-28T18:10:33Z INFO  inferences::formats::normvla] Skip: invalid_range (bus=5B14114953 motor=13 range_min=1549 range_max=1549)
[2026-07-28T18:10:33Z INFO  inferences::formats::normvla] Skip: invalid_range (bus=5B14114953 motor=13 range_min=1549 range_max=1549)
[2026-07-28T18:10:33Z INFO  inferences::formats::normvla] Skip: invalid_range (bus=5B14114953 motor=13 range_min=1549 range_max=1549)
[2026-07-28T18:10:33Z INFO  inferences::formats::normvla] Skip: invalid_range (bus=5B14114953 motor=13 range_min=1549 range_max=1549)
[2026-07-28T18:10:33Z INFO  inferences::formats::normvla] Skip: invalid_range (bus=5B14114953 motor=13 range_min=1549 range_max=1549)
[2026-07-28T18:10:33Z INFO  inferences::formats::normvla] Skip: invalid_range (bus=5B14114953 motor=13 range_min=1549 range_max=1549)
[2026-07-28T18:10:33Z INFO  inferences::formats::normvla] Skip: invalid_range (bus=5B14114953 motor=13 range_min=1549 range_max=1549)
[2026-07-28T18:10:33Z INFO  inferences::formats::normvla] Skip: invalid_range (bus=5B14114953 motor=13 range_min=1549 range_max=1549)
[2026-07-28T18:10:33Z INFO  inferences::formats::normvla] Skip: invalid_range (bus=5B14114953 motor=13 range_min=1549 range_max=1549)
[2026-07-28T18:10:34Z INFO  inferences::formats::normvla] Skip: invalid_range (bus=5B14114953 motor=13 range_min=1549 range_max=1549)
[2026-07-28T18:10:34Z INFO  inferences::formats::normvla] Skip: invalid_range (bus=5B14114953 motor=13 range_min=1549 range_max=1549)
[2026-07-28T18:10:34Z INFO  inferences::formats::normvla] Skip: invalid_range (bus=5B14114953 motor=13 range_min=1549 range_max=1549)
[2026-07-28T18:10:34Z INFO  inferences::formats::normvla] Skip: invalid_range (bus=5B14114953 motor=13 range_min=1549 range_max=1549)
[2026-07-28T18:10:34Z INFO  inferences::formats::normvla] Skip: invalid_range (bus=5B14114953 motor=13 range_min=1549 range_max=1549)
[2026-07-28T18:10:34Z INFO  inferences::formats::normvla] Skip: invalid_range (bus=5B14114953 motor=13 range_min=1549 range_max=1549)
[2026-07-28T18:10:34Z INFO  inferences::formats::normvla] Skip: invalid_range (bus=5B14114953 motor=13 range_min=1549 range_max=1549)
[2026-07-28T18:10:34Z INFO  inferences::formats::normvla] Skip: invalid_range (bus=5B14114953 motor=13 range_min=1549 range_max=1549)
[2026-07-28T18:10:34Z INFO  inferences::formats::normvla] Skip: invalid_range (bus=5B14114953 motor=13 range_min=1549 range_max=1549)
[2026-07-28T18:10:34Z INFO  inferences::formats::normvla] Skip: invalid_range (bus=5B14114953 motor=13 range_min=1549 range_max=1549)
[2026-07-28T18:10:35Z INFO  inferences::formats::normvla] Skip: invalid_range (bus=5B14114953 motor=13 range_min=1549 range_max=1549)
[2026-07-28T18:10:35Z INFO  inferences::formats::normvla] Skip: invalid_range (bus=5B14114953 motor=13 range_min=1549 range_max=1549)
[2026-07-28T18:10:35Z INFO  inferences::formats::normvla] Skip: invalid_range (bus=5B14114953 motor=13 range_min=1549 range_max=1549)
[2026-07-28T18:10:35Z INFO  inferences::formats::normvla] Skip: invalid_range (bus=5B14114953 motor=13 range_min=1549 range_max=1549)
[2026-07-28T18:10:35Z INFO  inferences::formats::normvla] Skip: invalid_range (bus=5B14114953 motor=13 range_min=1549 range_max=1549)
[2026-07-28T18:10:35Z INFO  inferences::formats::normvla] Skip: invalid_range (bus=5B14114953 motor=13 range_min=1549 range_max=1549)
[2026-07-28T18:10:35Z INFO  inferences::formats::normvla] Skip: invalid_range (bus=5B14114953 motor=13 range_min=1549 range_max=1549)
[2026-07-28T18:10:35Z INFO  inferences::formats::normvla] Skip: invalid_range (bus=5B14114953 motor=13 range_min=1549 range_max=1549)
[2026-07-28T18:10:35Z INFO  inferences::formats::normvla] Skip: invalid_range (bus=5B14114953 motor=13 range_min=1549 range_max=1549)
[2026-07-28T18:10:35Z INFO  inferences::formats::normvla] Skip: invalid_range (bus=5B14114953 motor=13 range_min=1549 range_max=1549)
[2026-07-28T18:10:36Z INFO  inferences::formats::normvla] Skip: invalid_range (bus=5B14114953 motor=13 range_min=1549 range_max=1549)
[2026-07-28T18:10:36Z INFO  inferences::formats::normvla] Skip: invalid_range (bus=5B14114953 motor=13 range_min=1549 range_max=1549)
[2026-07-28T18:10:36Z INFO  inferences::formats::normvla] Skip: invalid_range (bus=5B14114953 motor=13 range_min=1549 range_max=1549)
[2026-07-28T18:10:36Z INFO  inferences::formats::normvla] Skip: invalid_range (bus=5B14114953 motor=13 range_min=1549 range_max=1549)
[2026-07-28T18:10:36Z INFO  inferences::formats::normvla] Skip: invalid_range (bus=5B14114953 motor=13 range_min=1549 range_max=1549)
[2026-07-28T18:10:36Z INFO  inferences::formats::normvla] Skip: invalid_range (bus=5B14114953 motor=13 range_min=1549 range_max=1549)
[2026-07-28T18:10:36Z INFO  inferences::formats::normvla] Skip: invalid_range (bus=5B14114953 motor=13 range_min=1549 range_max=1549)
[2026-07-28T18:10:36Z INFO  inferences::formats::normvla] Skip: invalid_range (bus=5B14114953 motor=13 range_min=1549 range_max=1549)
[2026-07-28T18:10:36Z INFO  st3215::port] Processing ST3215 Write command - Motor: 42, Address: 0x28, Value: b"\0"
[2026-07-28T18:10:36Z INFO  st3215::port] ST3215 Write command completed - Motor: 42, Response: Write { source_bytes: b"\xff\xff*\x02\0\xd3" }
[2026-07-28T18:10:36Z INFO  st3215::state] update_calibration_progress called: bus='5B14114953', status=InProgress, step=14/14
[2026-07-28T18:10:36Z INFO  st3215::state] InferenceState has 1 buses, looking for '5B14114953'
[2026-07-28T18:10:36Z INFO  st3215::state] Updating auto_calibration for bus '5B14114953': status=InProgress, step=14/14, phase='LF_UPPER_M12_MAX: Final verified global torque OFF'
[2026-07-28T18:10:36Z INFO  st3215::auto_calibrate::matdog] MATDOG LF_UPPER_M12_MAX complete: first=3443, second=3442, spread=1, baseline_median=0, baseline_mad=0
[2026-07-28T18:10:36Z INFO  st3215::state] update_calibration_progress called: bus='5B14114953', status=Done, step=14/14
[2026-07-28T18:10:36Z INFO  st3215::state] InferenceState has 1 buses, looking for '5B14114953'
[2026-07-28T18:10:36Z INFO  st3215::state] Updating auto_calibration for bus '5B14114953': status=Done, step=14/14, phase='LF_UPPER_M12_MAX: completed'
[2026-07-28T18:10:39Z INFO  station] 
    Shutting down...
[2026-07-28T18:10:39Z INFO  station] Shutting down web server...
[2026-07-28T18:10:39Z INFO  station::web::server] Web server shutting down.
[2026-07-28T18:10:39Z INFO  station] Web server shut down.
[2026-07-28T18:10:39Z INFO  station] Shutting down TCP server...
[2026-07-28T18:10:39Z INFO  station] TCP server shut down.
[2026-07-28T18:10:39Z INFO  station] Stopping USB video instances...
[2026-07-28T18:10:39Z INFO  station] USB video instances stopped
[2026-07-28T18:10:39Z INFO  station] Closing NormFS (writing WAL)...
[2026-07-28T18:10:39Z INFO  normfs] Closing NormFS
[2026-07-28T18:10:39Z INFO  normfs-store] PersistStore closed successfully
[2026-07-28T18:10:39Z INFO  normfs_wal] WalStore: closing all writers
[2026-07-28T18:10:39Z INFO  station::inference] Inference worker thread exiting
[2026-07-28T18:10:39Z INFO  normfs_wal::writer] WAL writer: closing writer for queue '/def2a37d42cc339debe54af4dcbf5406350216adb8fbd9e0f2c5b736d8ef1681/motors_mirroring/modes'
[2026-07-28T18:10:39Z INFO  normfs_wal::writer] WAL writer: closing writer for queue '/def2a37d42cc339debe54af4dcbf5406350216adb8fbd9e0f2c5b736d8ef1681/inference-tags/rx'
[2026-07-28T18:10:39Z INFO  normfs_wal::writer] WAL writer: closing writer for queue '/def2a37d42cc339debe54af4dcbf5406350216adb8fbd9e0f2c5b736d8ef1681/st3215/tx'
[2026-07-28T18:10:39Z INFO  normfs_wal::writer] WAL writer: closing writer for queue '/def2a37d42cc339debe54af4dcbf5406350216adb8fbd9e0f2c5b736d8ef1681/st3215/meta'
[2026-07-28T18:10:39Z INFO  normfs_wal::writer] WAL writer: closing writer for queue '/def2a37d42cc339debe54af4dcbf5406350216adb8fbd9e0f2c5b736d8ef1681/st3215/rx'
[2026-07-28T18:10:39Z INFO  normfs_wal::writer] WAL writer: closing writer for queue '/def2a37d42cc339debe54af4dcbf5406350216adb8fbd9e0f2c5b736d8ef1681/main'
[2026-07-28T18:10:39Z INFO  normfs_wal::writer] WAL writer: closing writer for queue '/def2a37d42cc339debe54af4dcbf5406350216adb8fbd9e0f2c5b736d8ef1681/system/rx'
[2026-07-28T18:10:39Z INFO  normfs_wal::writer] WAL writer: closing writer for queue '/def2a37d42cc339debe54af4dcbf5406350216adb8fbd9e0f2c5b736d8ef1681/inference/normvla'
[2026-07-28T18:10:39Z INFO  normfs_wal::writer] WAL writer: closing writer for queue '/def2a37d42cc339debe54af4dcbf5406350216adb8fbd9e0f2c5b736d8ef1681/startups'
[2026-07-28T18:10:39Z INFO  normfs_wal::writer] WAL writer: closing writer for queue '/def2a37d42cc339debe54af4dcbf5406350216adb8fbd9e0f2c5b736d8ef1681/inference-states'
[2026-07-28T18:10:39Z INFO  normfs_wal::writer] WAL writer: closing writer for queue '/def2a37d42cc339debe54af4dcbf5406350216adb8fbd9e0f2c5b736d8ef1681/commands'
[2026-07-28T18:10:39Z INFO  normfs_wal::writer] WAL writer: closing writer for queue '/def2a37d42cc339debe54af4dcbf5406350216adb8fbd9e0f2c5b736d8ef1681/inference/mirroring'
[2026-07-28T18:10:39Z INFO  normfs_wal::writer] WAL writer: closing writer for queue '/def2a37d42cc339debe54af4dcbf5406350216adb8fbd9e0f2c5b736d8ef1681/st3215/inference'
[2026-07-28T18:10:39Z ERROR normfs_wal] WalStore: no writer found for queue '/def2a37d42cc339debe54af4dcbf5406350216adb8fbd9e0f2c5b736d8ef1681/st3215/rx'
[2026-07-28T18:10:39Z ERROR st3215::port] Failed to send ST3215 envelope: WAL error: WAL writer not found
[2026-07-28T18:10:39Z WARN  st3215::port] ST3215 port disconnected: /dev/ttyACM0
[2026-07-28T18:10:39Z INFO  st3215::port] ST3215 port worker exited: /dev/ttyACM0
[2026-07-28T18:10:39Z INFO  normfs_wal] WalStore: successfully closed 13 writers
[2026-07-28T18:10:39Z INFO  normfs] NormFS closed successfully
[2026-07-28T18:10:39Z INFO  station] NormFS closed successfully
[2026-07-28T18:10:39Z INFO  station] Data persisted at: "/home/matteo-manicardi/MATDOG/_archive/verification-artifacts/MATDOG_LF_UPPER_M12_MAX_OFFLINE_VALIDATION_V11_20260728T192317/hardware_distance_timeout_v14_20260728T200941/station_data"
